date,pt_gasoline_with_tax,pt_diesel_with_tax,es_gasoline_with_tax,es_diesel_with_tax,eu_gasoline_with_tax,eu_diesel_with_tax,pt_gasoline_without_tax,pt_diesel_without_tax,es_gasoline_without_tax,es_diesel_without_tax,eu_gasoline_without_tax,eu_diesel_without_tax,pt_gasoline_taxes,pt_diesel_taxes,es_gasoline_taxes,es_diesel_taxes,eu_gasoline_taxes,eu_diesel_taxes
2019-01-07,1.403,1.302,1.1795,1.12984,1.3302853384075848,1.2854393552635606,0.49807,0.57286,0.5021,0.55475,0.4836491343257056,0.5658892304521445,0.90493,0.72914,0.6774,0.57509,0.8466362040818791,0.7195501248114161
2019-01-14,1.418,1.328,1.19711,1.14832,1.3335583824683992,1.2919840888193148,0.51027,0.59399,0.51666,0.57002,0.48585985788169916,0.5710395317356736,0.9077299999999999,0.73401,0.6804499999999999,0.5783,0.8476985245867,0.7209445570836412
2019-01-21,1.411,1.337,1.21266,1.1663,1.3365366991289889,1.3032556956977845,0.50457,0.6013099999999999,0.52951,0.58488,0.4869962995919612,0.579545714291191,0.9064300000000001,0.7356900000000001,0.68315,0.5814199999999999,0.8495403995370276,0.7237099814065936
2019-01-28,1.413,1.345,1.22214,1.17768,1.3398049632648037,1.30909548101428,0.5062,0.60782,0.53734,0.59429,0.4881701279562781,0.5833911064079597,0.9068,0.73718,0.6848,0.5833900000000001,0.8516348353085256,0.7257043746063204
2019-02-04,1.412,1.348,1.22646,1.18495,1.3380241544892397,1.3101571556851472,0.50539,0.61025,0.54091,0.6003,0.48781382160520276,0.5849111641284426,0.9066099999999999,0.7377500000000001,0.6855500000000001,0.58465,0.8502103328840369,0.7252459915567047
2019-02-11,1.415,1.352,1.2305,1.1908599999999998,1.3385192665116763,1.3123320746721017,0.50783,0.61351,0.54425,0.6051799999999999,0.48855880324073764,0.5869914722413575,0.90717,0.7384900000000001,0.6862499999999999,0.5856799999999999,0.8499604632709387,0.7253406024307442
2019-02-18,1.426,1.361,1.23628,1.2003599999999999,1.3490760185609263,1.3218046983293605,0.51677,0.62082,0.54903,0.61303,0.49722555576124855,0.5948416292669236,0.90923,0.74018,0.68725,0.5873299999999999,0.8518504627996777,0.7269630690624369
2019-02-25,1.452,1.386,1.2527000000000001,1.2198900000000001,1.3568323720445234,1.3348779458287334,0.53791,0.64115,0.5626,0.62917,0.5027968181149854,0.6051562508777658,0.91409,0.7448499999999999,0.6901000000000002,0.5907200000000001,0.854035553929538,0.7297216949509676
2019-03-04,1.455,1.392,1.25755,1.22546,1.3674406819527025,1.3438591564247817,0.54035,0.64603,0.5666100000000001,0.63378,0.5098404738773734,0.6113864466112547,0.9146500000000001,0.7459699999999999,0.6909399999999999,0.59168,0.8576002080753291,0.732472709813527
2019-03-11,1.458,1.394,1.26115,1.22887,1.373561123155681,1.3478302762035237,0.54279,0.64765,0.5695800000000001,0.6366,0.5155604498815277,0.6150544698379187,0.91521,0.74635,0.6915699999999999,0.5922699999999999,0.8580006732741533,0.732775806365605
2019-03-18,1.471,1.394,1.2679,1.2301,1.3781831900678212,1.3480774316421875,0.55335,0.64765,0.57516,0.63761,0.5182508049011388,0.6146601048509085,0.9176500000000001,0.74635,0.69274,0.59249,0.8599323851666824,0.733417326791279
2019-03-25,1.486,1.39,1.27778,1.22848,1.3950751920231612,1.3479821048608207,0.56555,0.6444,0.58333,0.63627,0.5322750092787729,0.6146329249454098,0.92045,0.7455999999999999,0.6944499999999999,0.59221,0.8628001827443883,0.7333491799154109
2019-04-01,1.504,1.369,1.2910899999999998,1.22841,1.4121210152645756,1.3435837588692752,0.5801799999999999,0.62733,0.59433,0.63621,0.5465151454883862,0.6111194577867006,0.9238200000000001,0.7416699999999999,0.6967599999999998,0.5922,0.8656058697761894,0.7324643010825745
2019-04-08,1.526,1.374,1.30756,1.23249,1.4315710665268255,1.349107156951278,0.5980700000000001,0.63139,0.60794,0.63959,0.5631213826611295,0.6159911618357539,0.9279299999999999,0.7426100000000001,0.69962,0.5929000000000001,0.868449683865696,0.7331159951155242
2019-04-15,1.546,1.383,1.32972,1.24222,1.453087718098662,1.3594675618493388,0.61433,0.63871,0.62625,0.64763,0.5810312135943877,0.6246044279637005,0.93167,0.74429,0.70347,0.5945900000000001,0.8720565045042744,0.7348631338856383
2019-04-29,1.564,1.392,1.3539400000000001,1.2573699999999999,1.4755523859014064,1.374219836467325,0.6289600000000001,0.64603,0.64627,0.66015,0.6001954339176672,0.6371486282177509,0.93504,0.7459699999999999,0.7076700000000001,0.5972199999999999,0.8753569519837392,0.7370712082495742
2019-05-06,1.573,1.396,1.3584200000000002,1.2580799999999999,1.4864052384920703,1.3797421415657605,0.63628,0.64928,0.64997,0.66074,0.6082206716187651,0.6408990896667762,0.93672,0.7467199999999999,0.7084500000000001,0.5973399999999999,0.8781845668733052,0.7388430518989842
2019-05-13,1.563,1.392,1.35526,1.25794,1.4793565381421745,1.373555781814658,0.62815,0.64603,0.64736,0.66062,0.6040010970693244,0.6367456068424828,0.93485,0.7459699999999999,0.7078999999999999,0.5973200000000001,0.8753554410728501,0.7368101749721752
2019-05-20,1.571,1.397,1.35464,1.25911,1.4855355292246146,1.37619434517382,0.63466,0.6500900000000001,0.64685,0.66159,0.6106542209729027,0.6399031427916877,0.93634,0.74691,0.70779,0.5975199999999999,0.874881308251712,0.7362912023821324
2019-05-27,1.581,1.396,1.35744,1.26094,1.490626577632223,1.3752824668837225,0.64279,0.64928,0.64916,0.6631,0.6155350112034532,0.6395661884225191,0.93821,0.7467199999999999,0.70828,0.5978399999999999,0.8750915664287697,0.7357162784612034
2019-06-03,1.57,1.374,1.3491099999999998,1.24711,1.4865071079251169,1.3667509728373275,0.6338400000000001,0.63139,0.64228,0.65167,0.6122971698748221,0.6326081646301324,0.93616,0.7426100000000001,0.7068299999999998,0.59544,0.8742099380502948,0.7341428082071951
2019-06-10,1.524,1.339,1.3251700000000002,1.21912,1.457714154303883,1.3387560391838373,0.5964400000000001,0.60294,0.62249,0.62854,0.58904226011462,0.6096352377652797,0.9275599999999999,0.7360599999999999,0.7026800000000002,0.59058,0.8686718941892629,0.7291208014185576
2019-06-17,1.492,1.323,1.30662,1.1992,1.4430651052924663,1.325001039237008,0.57043,0.58993,0.6071599999999999,0.61207,0.5768975764597823,0.5982448198324899,0.92157,0.73307,0.69946,0.58713,0.866167528832684,0.7267562194045181
2019-06-24,1.488,1.327,1.3016500000000002,1.1942300000000001,1.4355163542943876,1.321726549522782,0.5671799999999999,0.5931799999999999,0.60305,0.60797,0.5707882198081271,0.5956208217834739,0.9208200000000001,0.73382,0.6986000000000002,0.5862600000000001,0.8647281344862605,0.726105727739308
2019-07-01,1.497,1.338,1.30835,1.20147,1.435528956045037,1.3242666581037712,0.5744900000000001,0.60212,0.6085900000000001,0.61395,0.5712962445596231,0.5978340476379342,0.92251,0.7358800000000001,0.6997599999999998,0.58752,0.8642327114854139,0.726432610465837
2019-07-08,1.506,1.341,1.3117699999999999,1.2052100000000001,1.4350104760104347,1.3203199424808412,0.5818099999999999,0.60456,0.61142,0.6170399999999999,0.5709000775310489,0.59460783833689,0.9241900000000001,0.73644,0.7003499999999999,0.5881700000000002,0.8641103984793859,0.7257121041439512
2019-07-15,1.521,1.346,1.32149,1.21054,1.4452708195862995,1.3274240765390877,0.59401,0.60863,0.6194500000000001,0.6214500000000001,0.5797431122427078,0.6007829908418245,0.9269899999999999,0.7373700000000001,0.70204,0.5890899999999999,0.8655277073435917,0.7266410856972632
2019-07-22,1.525,1.35,1.32997,1.21355,1.4386852775732264,1.3275678544142333,0.59726,0.61188,0.62646,0.62393,0.5741458644145381,0.6008107984166579,0.9277399999999999,0.7381200000000001,0.7035100000000001,0.5896199999999999,0.8645394131586883,0.7267570559975755
2019-07-29,1.516,1.35,1.3275599999999999,1.21206,1.438721959504828,1.3260536754573329,0.58994,0.61188,0.6244700000000001,0.6227,0.5751582454666475,0.6002187597489118,0.92606,0.7381200000000001,0.7030899999999998,0.5893599999999999,0.8635637140381804,0.7258349157084211
2019-08-05,1.52,1.354,1.33148,1.21672,1.43543061442801,1.3254188866316226,0.5931900000000001,0.61513,0.62771,0.6265499999999999,0.574780547159495,0.6011147776351591,0.9268099999999999,0.7388700000000001,0.70377,0.5901700000000001,0.860650067268515,0.7243041089964635
2019-08-12,1.505,1.341,1.32168,1.2081600000000001,1.4165149884648867,1.3092190041552825,0.581,0.60456,0.61961,0.61948,0.5599929735435999,0.5882540918983725,0.9239999999999999,0.73644,0.70207,0.5886800000000001,0.8565220149212868,0.72096491225691
2019-08-19,1.489,1.329,1.31294,1.20028,1.4132606482101742,1.3097828739722692,0.56799,0.59481,0.61238,0.61297,0.5564298111225139,0.5883054728329785,0.9210100000000001,0.73419,0.70056,0.58731,0.8568308370876603,0.7214774011392907
2019-08-26,1.487,1.334,1.30895,1.19825,1.4094537618596708,1.309287543120894,0.56636,0.59887,0.60909,0.61129,0.5524549379061767,0.5873492281128441,0.9206400000000001,0.7351300000000001,0.69986,0.58696,0.856998823953494,0.7219383150080498
2019-09-02,1.482,1.335,1.307,1.1976099999999998,1.4038429193447843,1.3077763921185994,0.5622999999999999,0.5996900000000001,0.60748,0.61076,0.5479656121059489,0.5862408749421271,0.9197000000000001,0.7353099999999999,0.6995199999999999,0.5868499999999999,0.8558773072388355,0.7215355171764724
2019-09-09,1.48,1.342,1.30209,1.2001700000000002,1.4080602130461572,1.3159538141107112,0.56067,0.60538,0.60342,0.61288,0.5491503129744942,0.5915167768473024,0.91933,0.73662,0.69867,0.5872900000000002,0.858909900071663,0.7244370372634088
2019-09-16,1.477,1.36,1.3042799999999999,1.20916,1.4085631905874618,1.3244123654323432,0.55823,0.62001,0.60523,0.6203099999999999,0.5486587347796437,0.5979396589469986,0.9187700000000001,0.7399900000000001,0.6990499999999998,0.5888500000000001,0.8599044558078182,0.7264727064853446
2019-09-23,1.502,1.383,1.31847,1.2262,1.4222267575557483,1.341756933930704,0.57856,0.63871,0.61695,0.63439,0.5602112032202317,0.6125941099290056,0.92344,0.74429,0.70152,0.59181,0.8620155543355167,0.7291628240016984
2019-09-30,1.5,1.382,1.32095,1.22967,1.4196983204586568,1.3412953384068735,0.5769299999999999,0.6379,0.619,0.6372599999999999,0.5582910587295958,0.6123393532801643,0.9230700000000001,0.7440999999999999,0.7019500000000001,0.5924100000000001,0.861407261729061,0.7289559851267092
2019-10-07,1.493,1.372,1.3135599999999998,1.221,1.4155595935254963,1.3332871280808472,0.57124,0.6297699999999999,0.6129,0.63009,0.5556821374424699,0.6060407371104183,0.9217600000000001,0.7422300000000002,0.7006599999999998,0.59091,0.8598774560830265,0.7272463909704289
2019-10-14,1.487,1.364,1.3084500000000001,1.21319,1.4135317039061546,1.333021206121853,0.56636,0.62326,0.6086699999999999,0.62364,0.5520708789430484,0.6044420499025767,0.9206400000000001,0.7407400000000001,0.6997800000000002,0.58955,0.8614608249631062,0.7285791562192763
2019-10-21,1.475,1.365,1.3023399999999998,1.21174,1.4128252362194091,1.3345482168171143,0.55661,0.6240800000000001,0.60362,0.6224400000000001,0.5483911004573331,0.6037755675966991,0.91839,0.7409199999999999,0.6987199999999998,0.5892999999999999,0.8644341357620761,0.7307726492204152
2019-10-28,1.474,1.363,1.29657,1.2118900000000001,1.4085823547859333,1.3323190999623304,0.55579,0.6224500000000001,0.5988600000000001,0.6225599999999999,0.5452822088576162,0.6021440297604286,0.91821,0.7405499999999999,0.6977099999999999,0.5893300000000002,0.863300145928317,0.7301750702019019
2019-11-04,1.482,1.365,1.29659,1.21445,1.4117547154656906,1.333114295582129,0.5622999999999999,0.6240800000000001,0.59887,0.6246799999999999,0.5478103669159669,0.602747722666915,0.9197000000000001,0.7409199999999999,0.6977199999999999,0.5897700000000001,0.8639443485497238,0.7303665729152139
2019-11-11,1.497,1.365,1.29951,1.2158099999999998,1.4174401770330076,1.3340908138914818,0.5744900000000001,0.6240800000000001,0.60129,0.6257999999999999,0.5519286387910141,0.6032519999571384,0.92251,0.7409199999999999,0.69822,0.5900099999999999,0.8655115382419936,0.7308388139343434
2019-11-18,1.495,1.367,1.29779,1.21455,1.417042123286276,1.3353656222183174,0.57287,0.6257,0.5998600000000001,0.62476,0.5511309700526539,0.6040871569318235,0.9221300000000001,0.7413,0.6979299999999999,0.58979,0.8659111532336221,0.731278465286494
2019-11-25,1.487,1.364,1.29895,1.2145299999999999,1.4185136463496981,1.3346197437210243,0.56636,0.62326,0.60082,0.62474,0.5524893941610662,0.6035660180101049,0.9206400000000001,0.7407400000000001,0.69813,0.5897899999999999,0.8660242521886319,0.7310537257109194
2019-12-02,1.49,1.366,1.30623,1.21917,1.4207686592123285,1.3384393532199963,0.5688,0.62489,0.60684,0.62858,0.5537638619229452,0.6064031904198771,0.9212,0.7411100000000002,0.69939,0.5905900000000001,0.8670047972893833,0.7320361628001192
2019-12-09,1.485,1.368,1.30452,1.21848,1.4206511953492682,1.3408170351125357,0.56474,0.62652,0.6054299999999999,0.62801,0.5521343297942897,0.6073786751517821,0.9202600000000001,0.7414800000000001,0.69909,0.59047,0.8685168655549785,0.7334383599607536
2019-12-16,1.481,1.369,1.30301,1.22101,1.419545784811922,1.3459822926667095,0.56149,0.62733,0.6041799999999999,0.6301,0.5496418725555514,0.6107290085617394,0.91951,0.7416699999999999,0.6988300000000001,0.5909099999999999,0.8699039122563705,0.7352532841049702
2020-01-06,1.534,1.421,1.3206300000000002,1.24707,1.4312172104873793,1.3586602029052657,0.60457,0.6696,0.61874,0.65164,0.5725786020396433,0.643335696011778,0.92943,0.7514000000000001,0.7018900000000002,0.5954299999999999,0.858638608447736,0.7153245068934877
2020-01-13,1.535,1.423,1.32603,1.2539500000000001,1.4269989230300693,1.3572339308081192,0.60539,0.67123,0.6232000000000001,0.65732,0.5691511970403413,0.6421751487520325,0.9296099999999999,0.75177,0.70283,0.5966300000000001,0.8578477259897279,0.7150587820560866
2020-01-20,1.53,1.406,1.32178,1.24658,1.4219933723362181,1.3442902390425688,0.6013200000000001,0.6574099999999999,0.6196900000000001,0.65123,0.56510048005194,0.6315078788557289,0.92868,0.74859,0.7020899999999999,0.59535,0.8568928922842781,0.7127823601868399
2020-01-27,1.522,1.387,1.31796,1.23597,1.4145987746239035,1.3306790172210312,0.59482,0.6419600000000001,0.61653,0.64246,0.5593992040889733,0.6205819225405519,0.92718,0.7450399999999999,0.70143,0.59351,0.8551995705349302,0.7100970946804793
2020-02-03,1.51,1.387,1.30763,1.2214,1.4043842412519416,1.3109524547014197,0.5850599999999999,0.6419600000000001,0.608,0.63042,0.5514641502350719,0.604553276478566,0.9249400000000001,0.7450399999999999,0.6996300000000001,0.5909800000000001,0.8529200910168697,0.7063991782228537
2020-02-10,1.497,1.373,1.2989000000000002,1.20624,1.3985153630371563,1.297251122733445,0.5744900000000001,0.63058,0.60078,0.6178899999999999,0.5460668601438685,0.5928009451038015,0.92251,0.74242,0.6981200000000002,0.58835,0.8524485028932878,0.7044501776296433
2020-02-17,1.5,1.37,1.2967899999999999,1.2003499999999998,1.4000247407208577,1.2938041465352719,0.55222,0.60122,0.59904,0.61302,0.5465477771528202,0.5891419546392425,0.94778,0.7687800000000001,0.6977499999999999,0.5873299999999998,0.8534769635680375,0.7046621918960294
2020-02-24,1.508,1.366,1.2998299999999998,1.20155,1.4050892242021158,1.2922043796114235,0.5587300000000001,0.59797,0.6015499999999999,0.61402,0.5515069671002112,0.5884381153024903,0.94927,0.7680300000000001,0.6982799999999999,0.5875299999999999,0.8535822571019046,0.7037662643089332
2020-03-02,1.497,1.353,1.2931300000000001,1.19006,1.3826498580489066,1.2741827013204097,0.5497799999999999,0.5873999999999999,0.59601,0.60452,0.5334410946954478,0.5738690957444075,0.9472200000000002,0.7656000000000001,0.6971200000000001,0.58554,0.8492087633534589,0.7003136055760022
2020-03-09,1.466,1.328,1.27779,1.17108,1.361622811691603,1.252424458490646,0.52458,0.5670700000000001,0.58333,0.5888300000000001,0.5163415807592747,0.5559551416857869,0.9414199999999999,0.76093,0.69446,0.5822499999999998,0.8452812309323282,0.6964693168048592
2020-03-16,1.397,1.275,1.23313,1.1278,1.3035279838855813,1.1996333204117595,0.46848,0.52399,0.54643,0.5530700000000001,0.47069678287549405,0.5139754890649646,0.92852,0.75101,0.6867000000000001,0.5747299999999999,0.8328312010100873,0.6856578313467949
2020-03-23,1.317,1.233,1.1763299999999999,1.0848900000000001,1.2509436497315733,1.1572882963784972,0.40344,0.48984,0.49948000000000004,0.5176000000000001,0.42986356062089687,0.4811123000218621,0.9135599999999999,0.74316,0.6768499999999998,0.5672900000000001,0.8210800891106764,0.6761759963566351
2020-03-30,1.26,1.226,1.14367,1.0574100000000002,1.2233116865567273,1.1418439804245877,0.35710000000000003,0.48414999999999997,0.47249,0.49489,0.40668086083217664,0.4679650132857182,0.9029,0.74185,0.6711799999999999,0.5625200000000001,0.8166308257245507,0.6738789671388694
2020-04-06,1.26,1.229,1.1223599999999998,1.03783,1.205853749237965,1.1296711991628343,0.35710000000000003,0.48658999999999997,0.45488,0.47870999999999997,0.3926190457423332,0.4582232763800085,0.9029,0.7424100000000001,0.6674799999999999,0.5591200000000001,0.8132347034956319,0.6714479227828258
2020-04-20,1.258,1.211,1.1085,1.02221,1.189184059539159,1.1103753288161562,0.35547,0.47195,0.44343,0.4658,0.3775810811878771,0.44149108552848854,0.90253,0.7390500000000001,0.66507,0.5564100000000001,0.8116029783512819,0.6688842432876676
2020-04-27,1.245,1.154,1.08859,0.9997999999999999,1.1673578029693665,1.0861723615519732,0.34491000000000005,0.42561,0.42697,0.44727999999999996,0.35953655956758496,0.4213459468023716,0.9000900000000001,0.7283899999999999,0.6616199999999999,0.5525199999999999,0.8078212434017815,0.6648264147496016
2020-05-04,1.237,1.126,1.07247,0.98142,1.1605849966807926,1.0704949957897294,0.3384,0.40285000000000004,0.41364999999999996,0.43209,0.3540169183313966,0.40858834341507594,0.8986000000000001,0.7231499999999998,0.6588200000000001,0.54933,0.806568078349396,0.6619066523746535
2020-05-11,1.26,1.129,1.0744500000000001,0.9807,1.1678269833063855,1.0663814818883068,0.35710000000000003,0.40529000000000004,0.41529000000000005,0.4315,0.35954580552441356,0.4052022954932826,0.9029,0.72371,0.6591600000000001,0.5492,0.8082811777819718,0.6611791863950243
2020-05-18,1.286,1.139,1.07886,0.985,1.1766178875577715,1.067558543616267,0.37824,0.41342,0.41893,0.43505,0.36684282939799423,0.40620460661593927,0.90776,0.72558,0.6599299999999999,0.5499499999999999,0.8097750581597774,0.6613539370003276
2020-05-25,1.321,1.163,1.08972,0.9979600000000001,1.19440736131651,1.0816047721887891,0.40669,0.43293,0.42791,0.44576,0.3809664151837565,0.41742096198530004,0.91431,0.73007,0.66181,0.5522,0.8134409461327535,0.6641838102034892
2020-06-01,1.33,1.169,1.09419,1.00188,1.2061161100176432,1.0910116033277995,0.41401,0.43781,0.43160000000000004,0.449,0.38936417510247145,0.4242155413304142,0.9159900000000001,0.73119,0.66259,0.55288,0.8167519349151717,0.6667960619973852
2020-06-08,1.336,1.172,1.1033199999999999,1.0079500000000001,1.2190552078077752,1.098173113434464,0.41889,0.44025,0.43914,0.45402,0.40000986223172136,0.43022575681551883,0.9171100000000001,0.7317499999999999,0.6641799999999999,0.5539300000000001,0.8190453455760538,0.6679473566189453
2020-06-15,1.349,1.184,1.11909,1.01917,1.2316089111291468,1.1079055234631117,0.42945999999999995,0.45,0.45218,0.46329000000000004,0.410859052457454,0.4385373243904246,0.91954,0.734,0.6669099999999999,0.5558799999999999,0.8207498586716928,0.6693681990726871
2020-06-22,1.365,1.195,1.1305399999999999,1.028,1.248794196375336,1.1158985351827428,0.44247000000000003,0.45894,0.46164,0.47058999999999995,0.4253445605095394,0.44541218801140625,0.92253,0.73606,0.6688999999999998,0.5574100000000001,0.8234496358657966,0.6704863471713366
2020-06-29,1.378,1.204,1.14537,1.0403399999999998,1.2564440825340404,1.1234035197381231,0.45304,0.46626,0.4739,0.48079,0.43190726958642917,0.45188056128916343,0.9249599999999999,0.73774,0.67147,0.5595499999999998,0.8245368129476112,0.6715229584489597
2020-07-06,1.385,1.209,1.1516,1.04577,1.2596187805382981,1.1255391766405092,0.45873,0.47032999999999997,0.47905000000000003,0.48527,0.44190047555793943,0.4579666026135661,0.9262699999999999,0.7386700000000002,0.67255,0.5605000000000001,0.8177183049803587,0.6675725740269431
2020-07-13,1.401,1.235,1.1609500000000001,1.0565,1.2692143256902622,1.133149014359242,0.47173000000000004,0.49147,0.48677,0.49413999999999997,0.4496649902714523,0.46416247754956125,0.92927,0.74353,0.6741800000000002,0.56236,0.8195493354188099,0.6689865368096808
2020-07-20,1.4,1.238,1.1644,1.0605,1.2672490740273687,1.1341723012813252,0.47092,0.49389999999999995,0.48962,0.49745,0.4476047869667205,0.4647900446039056,0.9290799999999999,0.7441,0.6747800000000002,0.56305,0.8196442870606482,0.6693822566774196
2020-07-27,1.395,1.238,1.16456,1.06304,1.2741325498218459,1.1407708836476371,0.46686,0.49389999999999995,0.48976,0.49955,0.4524267434104396,0.4695453036503819,0.92814,0.7441,0.6748000000000001,0.56349,0.8217058064114062,0.6712255799972553
2020-08-03,1.391,1.236,1.1622000000000001,1.0609600000000001,1.2661035809346364,1.1358955492605367,0.4636,0.49228,0.48781,0.49783,0.4448432383890555,0.4648595886952936,0.9274,0.7437199999999999,0.67439,0.5631300000000001,0.8212603425455809,0.6710359605652432
2020-08-10,1.39,1.236,1.15921,1.05984,1.267455688301237,1.1363643608592457,0.46279000000000003,0.49228,0.48533,0.49689999999999995,0.445678884692308,0.4650184297747581,0.9272099999999999,0.7437199999999999,0.67388,0.56294,0.8217768036089289,0.6713459310844876
2020-08-17,1.391,1.236,1.1635499999999999,1.06122,1.2725223839743263,1.1360612985611631,0.4636,0.49228,0.48892,0.49804000000000004,0.44992532068807467,0.46479313687869406,0.9274,0.7437199999999999,0.6746299999999998,0.56318,0.8225970632862516,0.6712681616824691
2020-08-24,1.394,1.241,1.1664,1.06126,1.2738149998005466,1.1349596525719385,0.46604,0.49633999999999995,0.49128,0.49807,0.4511877577900984,0.46397870605795866,0.9279599999999999,0.7446600000000001,0.6751200000000002,0.5631900000000001,0.8226272420104481,0.6709809465139799
2020-08-31,1.399,1.24,1.1713399999999998,1.05943,1.278546585311376,1.1323940242566264,0.47011000000000003,0.49552999999999997,0.49536,0.49656,0.45520088240333834,0.46180805345130466,0.92889,0.74447,0.6759799999999998,0.5628700000000001,0.8233457029080377,0.6705859708053217
2020-09-07,1.4,1.223,1.16981,1.05479,1.2741663179974325,1.123985164496334,0.47092,0.48170999999999997,0.49410000000000004,0.49273,0.4526351133042564,0.4557536742370475,0.9290799999999999,0.7412900000000001,0.67571,0.5620599999999999,0.8215312046931762,0.6682314902592864
2020-09-14,1.388,1.22,1.16237,1.0401099999999999,1.2668263758633815,1.1108813037264733,0.46117,0.47927,0.48795,0.4806,0.446737952632331,0.4448334861537269,0.9268299999999998,0.74073,0.6744199999999999,0.5595099999999998,0.8200884232310506,0.6660478175727464
2020-09-21,1.384,1.211,1.1621199999999998,1.03385,1.2673463079447072,1.1040488729880389,0.45791000000000004,0.47195,0.48774,0.47542,0.44772029186724743,0.4396386756198487,0.9260899999999999,0.7390500000000001,0.6743799999999998,0.55843,0.8196260160774598,0.6644101973681902
2020-09-28,1.382,1.198,1.16275,1.03046,1.2634132829224634,1.0984017444449883,0.45629000000000003,0.46138,0.48825999999999997,0.47262,0.4454338471171285,0.4354979788921434,0.9257099999999998,0.7366199999999999,0.67449,0.5578399999999999,0.8179794358053348,0.6629037655528449
2020-10-05,1.383,1.198,1.16229,1.0289300000000001,1.2660737124575865,1.0999253266800595,0.4571,0.46138,0.48788,0.47136,0.44718903623485784,0.4361634194016321,0.9259,0.7366199999999999,0.6744100000000001,0.5575700000000001,0.8188846762227286,0.6637619072784273
2020-10-12,1.391,1.203,1.1624,1.0298699999999998,1.2693192456909594,1.103435924354106,0.4636,0.46545,0.48797,0.47213,0.44962125307326867,0.43892502579691695,0.9274,0.7375500000000001,0.6744300000000001,0.5577399999999999,0.8196979926176908,0.6645108985571891
2020-10-19,1.394,1.207,1.16112,1.0299200000000002,1.2623643833342033,1.1016779684297733,0.46604,0.4687,0.48691,0.47217000000000003,0.4444479662311575,0.4379994428062358,0.9279599999999999,0.7383000000000001,0.67421,0.5577500000000002,0.8179164171030457,0.6636785256235375
2020-10-26,1.386,1.207,1.15478,1.02558,1.2528738815666303,1.0987922701118773,0.45954,0.4687,0.48167000000000004,0.46858999999999995,0.43651120394400283,0.43560548637692126,0.9264599999999998,0.7383000000000001,0.6731099999999999,0.55699,0.8163626776226274,0.6631867837349561
2020-11-02,1.374,1.201,1.14581,1.01754,1.2369679505367666,1.093814817401992,0.44977999999999996,0.46382,0.47426,0.46194,0.42331796029867746,0.4315168016756409,0.9242200000000002,0.7371800000000001,0.67155,0.5555999999999999,0.8136499902380891,0.662298015726351
2020-11-09,1.365,1.197,1.1420899999999998,1.01427,1.2358697580427886,1.0970496904649936,0.44247000000000003,0.46057,0.47119,0.45924,0.4204833255812741,0.43271182195354585,0.92253,0.7364300000000001,0.6708999999999998,0.55503,0.8153864324615145,0.6643378685114477
2020-11-16,1.377,1.211,1.15165,1.0248499999999998,1.2477932896621133,1.1104280157297384,0.45222,0.47195,0.47908999999999996,0.46798,0.4306341875511379,0.44396725302191753,0.9247799999999999,0.7390500000000001,0.67256,0.5568699999999998,0.8171591021109754,0.6664607627078208
2020-11-23,1.38,1.217,1.15693,1.03186,1.2533890963131964,1.11852747735397,0.45466,0.47683,0.48345,0.47378,0.4351983312488205,0.45070730460739755,0.9253399999999998,0.7401700000000001,0.6734800000000001,0.55808,0.8181907650643758,0.6678201727465725
2020-11-30,1.389,1.231,1.1666800000000002,1.04321,1.2625138225756738,1.1315500154062925,0.46198,0.48821,0.49151,0.48316000000000003,0.4425410221977525,0.4613768680777594,0.92702,0.7427900000000001,0.6751700000000002,0.5600499999999999,0.8199728003779213,0.6701731473285331
2020-12-07,1.394,1.239,1.17026,1.04853,1.2639885718683708,1.138326404333067,0.46604,0.49472000000000005,0.49447,0.48755000000000004,0.4438706053085668,0.46708504036225007,0.9279599999999999,0.74428,0.6757900000000001,0.5609799999999999,0.820117966559804,0.6712413639708169
2020-12-14,1.399,1.254,1.17591,1.05785,1.2678521989110512,1.1482728516180387,0.47011000000000003,0.50691,0.49914,0.49526,0.4464444127519365,0.47493495463094454,0.92889,0.74709,0.6767700000000001,0.5625899999999999,0.8214077861591147,0.6733378969870942
2020-12-21,1.405,1.262,1.18471,1.06901,1.2768823181848923,1.1565759341799708,0.47499,0.51342,0.50641,0.50448,0.45464348747796496,0.4824725261574208,0.93001,0.74858,0.6782999999999999,0.56453,0.8222388307069273,0.6741034080225501
2021-01-11,1.436,1.278,1.19998,1.08533,1.3174017492682495,1.1969891625117417,0.4995,0.52567,0.51903,0.51797,0.48278719568644585,0.5092699547247785,0.9364999999999999,0.75233,0.68095,0.5673599999999999,0.8346145535818037,0.6877192077869632
2021-01-18,1.455,1.298,1.2158900000000001,1.0991900000000001,1.3347202248495824,1.2119319738813206,0.51495,0.5419299999999999,0.53218,0.52942,0.49725849473133454,0.5217077800096368,0.94005,0.7560700000000001,0.6837100000000002,0.5697700000000001,0.8374617301182479,0.6902241938716838
2021-01-25,1.46,1.303,1.22465,1.1066099999999999,1.341001054397802,1.2167880250073138,0.51901,0.546,0.53942,0.53555,0.5020769591018761,0.5255229134803622,0.94099,0.7569999999999999,0.68523,0.5710599999999999,0.8389240952959258,0.6912651115269516
2021-02-01,1.463,1.291,1.2270999999999999,1.10817,1.3436477932364248,1.2191125144543156,0.5214500000000001,0.53624,0.54144,0.53684,0.5041747511189837,0.5272670973819233,0.94155,0.7547599999999999,0.6856599999999998,0.5713300000000001,0.8394730421174411,0.6918454170723922
2021-02-08,1.478,1.304,1.23847,1.1193,1.3590313865378398,1.2329205717223521,0.53365,0.5468099999999999,0.55084,0.54604,0.516441743538096,0.5384109424534482,0.94435,0.7571900000000001,0.68763,0.57326,0.8425896429997438,0.6945096292689039
2021-02-15,1.492,1.323,1.25156,1.1336700000000002,1.368842232427702,1.2498172237323486,0.54503,0.56226,0.5616599999999999,0.55792,0.524302498055025,0.5523096722466848,0.94697,0.76074,0.6899000000000001,0.5757500000000002,0.844539734372677,0.6975075514856638
2021-02-22,1.508,1.344,1.26802,1.15063,1.3890591481966705,1.2671366656736698,0.55804,0.57933,0.57526,0.5719299999999999,0.541281666278004,0.5668097553569036,0.94996,0.7646700000000001,0.6927599999999999,0.5787000000000001,0.8477774819186665,0.7003269103167662
2021-03-01,1.527,1.355,1.28273,1.1651500000000001,1.402416754242984,1.2791939167085302,0.57348,0.58828,0.5874199999999999,0.58393,0.5529433086326845,0.5769782439241273,0.9535199999999999,0.76672,0.69531,0.5812200000000002,0.8494734456102995,0.7022156727844029
2021-03-08,1.543,1.36,1.29359,1.17329,1.4193158678876154,1.2857061307249298,0.58649,0.59234,0.59639,0.59066,0.5676709836458336,0.5830881397549628,0.95651,0.7676600000000001,0.6972,0.58263,0.8516448842417819,0.702617990969967
2021-03-15,1.56,1.368,1.3111400000000002,1.18735,1.4406238625470082,1.3015915581179909,0.6003099999999999,0.59885,0.6109,0.6022799999999999,0.5850230323448988,0.596025364496253,0.9596900000000002,0.7691500000000001,0.7002400000000002,0.58507,0.8556008302021094,0.7055661936217379
2021-03-22,1.565,1.369,1.32148,1.19273,1.4418772994159292,1.302288495862902,0.60438,0.59966,0.6194400000000001,0.60673,0.5859205150684433,0.5965245855761716,0.9606199999999999,0.76934,0.7020399999999999,0.5860000000000001,0.8559567843474859,0.7057639102867304
2021-03-29,1.563,1.358,1.31704,1.18425,1.439712160579722,1.2949738137490163,0.60275,0.59072,0.6157699999999999,0.59972,0.5845572030600358,0.5907815242120401,0.9602499999999999,0.7672800000000001,0.7012700000000001,0.58453,0.8551549575196863,0.7041922895369762
2021-04-12,1.574,1.357,1.31543,1.17902,1.4466838351300761,1.2940377101533949,0.6116900000000001,0.5899,0.6144400000000001,0.5953999999999999,0.5894799692596098,0.5895805806043708,0.96231,0.7671,0.70099,0.58362,0.8572038658704664,0.7044571295490241
2021-04-19,1.576,1.361,1.3199,1.1798199999999999,1.451601659783236,1.2951550957494162,0.6133200000000001,0.59315,0.61814,0.5960599999999999,0.5935339563084407,0.5906118444697019,0.96268,0.76785,0.70176,0.58376,0.8580677034747952,0.7045432512797143
2021-04-26,1.587,1.367,1.3264500000000001,1.18348,1.4526103059267443,1.2967500356265167,0.62226,0.59803,0.6235499999999999,0.5990800000000001,0.5945352590242512,0.5920582618425075,0.9647399999999999,0.76897,0.7029000000000002,0.5844,0.8580750469024931,0.7046917737840092
2021-05-03,1.582,1.373,1.3319400000000001,1.18829,1.4551822965410777,1.2993392664082648,0.6182000000000001,0.60291,0.62809,0.6030599999999999,0.5966384137141801,0.5941153576177625,0.9638,0.77009,0.7038500000000001,0.5852300000000001,0.8585438828268975,0.7052239087905023
2021-05-10,1.6,1.39,1.3441400000000001,1.1998,1.4689210551055052,1.3126886636006816,0.63283,0.61673,0.6381699999999999,0.6125700000000001,0.6077743673252949,0.6050796993792411,0.9671700000000001,0.7732699999999999,0.7059700000000002,0.5872299999999999,0.8611466877802103,0.7076089642214405
2021-05-17,1.605,1.396,1.35083,1.208,1.470291578908939,1.3156289181247314,0.6369,0.62161,0.6437,0.6193500000000001,0.6085983364144054,0.6072310451992078,0.9681,0.7743899999999999,0.7071299999999999,0.5886499999999999,0.8616932424945336,0.7083978729255236
2021-05-24,1.598,1.394,1.35068,1.21066,1.470708532697231,1.3194740909637226,0.63121,0.61998,0.6435700000000001,0.6215499999999999,0.6083342737291741,0.6098903952885413,0.96679,0.7740199999999999,0.70711,0.5891100000000001,0.8623742589680568,0.7095836956751813
2021-05-31,1.6,1.394,1.35138,1.21241,1.471203137977788,1.3191579014689112,0.63283,0.61998,0.64415,0.62299,0.6086759425242101,0.60961764515996,0.9671700000000001,0.7740199999999999,0.70723,0.5894199999999999,0.8625271954535778,0.7095402563089512
2021-06-07,1.614,1.41,1.35864,1.22129,1.4713019992970582,1.328439731798656,0.64422,0.63299,0.65015,0.6303300000000001,0.6084882545271398,0.6170313581190169,0.9697800000000001,0.7770099999999999,0.7084900000000001,0.5909599999999999,0.8628137447699183,0.7114083736796392
2021-06-14,1.62,1.42,1.36748,1.23168,1.4826548190159399,1.3350018057355737,0.6490900000000001,0.64112,0.65746,0.6389199999999999,0.6183197175362616,0.6229463704782899,0.97091,0.7788799999999999,0.71002,0.5927600000000002,0.8643351014796783,0.7120554352572838
2021-06-21,1.631,1.43,1.37415,1.23817,1.489864310202428,1.343975344840018,0.65804,0.64925,0.6629700000000001,0.64428,0.6249057642069121,0.6307285242587571,0.97296,0.7807499999999999,0.7111799999999999,0.59389,0.8649585459955159,0.7132468205812609
2021-06-28,1.652,1.448,1.383,1.24655,1.5087316709673142,1.358460757572934,0.67511,0.66389,0.6702899999999999,0.6512100000000001,0.6398994778899445,0.6423016349777803,0.9768899999999999,0.78411,0.7127100000000001,0.59534,0.8688321930773697,0.7161591225951537
2021-07-05,1.665,1.453,1.39125,1.25382,1.5187045629315818,1.3641307596524288,0.68568,0.66795,0.6771,0.6572100000000001,0.6481461662168055,0.6470276658204214,0.9793200000000001,0.78505,0.7141500000000001,0.5966099999999999,0.8705583967147763,0.7171030938320074
2021-07-12,1.671,1.455,1.4008900000000002,1.26257,1.5260677632697466,1.3679434176790668,0.69056,0.6695800000000001,0.6850700000000001,0.6644500000000001,0.6549607652463034,0.650714361909715,0.9804400000000001,0.78542,0.7158200000000001,0.5981199999999999,0.8711069980234432,0.7172290557693518
2021-07-19,1.676,1.459,1.40872,1.26752,1.5343236762912735,1.3710563355740328,0.69462,0.67283,0.6915399999999999,0.6685399999999999,0.6622138347404135,0.6536456220446134,0.9813799999999999,0.78617,0.71718,0.5989800000000001,0.87210984155086,0.7174107135294194
2021-07-26,1.668,1.45,1.4081700000000001,1.26372,1.5334805180537292,1.3688326415198746,0.68812,0.66551,0.69109,0.6654,0.6614746282449182,0.6518051615406575,0.97988,0.7844899999999999,0.7170800000000002,0.59832,0.872005889808811,0.7170274799792171
2021-08-02,1.677,1.452,1.4162000000000001,1.26975,1.542276563595461,1.3734345733661864,0.69543,0.66714,0.69772,0.67038,0.6681719452686521,0.6551430334885168,0.98157,0.78486,0.7184800000000001,0.59937,0.8741046183268089,0.7182915398776696
2021-08-09,1.681,1.449,1.41989,1.27044,1.54348336734111,1.3728723634629867,0.69869,0.6647000000000001,0.70077,0.67095,0.6691966256912232,0.6546866152023826,0.98231,0.7843,0.7191200000000001,0.59949,0.8742867416498867,0.7181857482606041
2021-08-16,1.677,1.442,1.41789,1.26615,1.5419873605031753,1.3701184432006328,0.69543,0.65901,0.69912,0.6674,0.6679272040375804,0.6523638981104316,0.98157,0.78299,0.7187700000000001,0.5987500000000001,0.8740601564655949,0.7177545450902012
2021-08-23,1.657,1.433,1.41522,1.26041,1.5322889966406723,1.3623161059408953,0.6791699999999999,0.6516900000000001,0.6969099999999999,0.6626599999999999,0.6602417801338818,0.646110659097128,0.9778300000000001,0.78131,0.71831,0.5977500000000001,0.8720472165067905,0.7162054468437673
2021-08-30,1.659,1.484,1.41446,1.25897,1.5362694770633867,1.3680003372957723,0.6808,0.6931499999999999,0.69629,0.66147,0.6644858014953023,0.6511932162520769,0.9782000000000001,0.79085,0.7181700000000001,0.5974999999999999,0.8717836755680843,0.7168071210436954
2021-09-06,1.672,1.454,1.42123,1.26564,1.5435978054797355,1.3744272392056514,0.69137,0.66876,0.70188,0.66698,0.6699862444798006,0.6560680958931926,0.9806299999999999,0.7852399999999999,0.71935,0.5986600000000001,0.8736115609999349,0.7183591433124588
2021-09-13,1.675,1.458,1.4287100000000001,1.27075,1.5497388387900615,1.3809681610515536,0.6938099999999999,0.67202,0.7080599999999999,0.6712100000000001,0.6753510849819783,0.6617203114562727,0.9811900000000001,0.78598,0.7206500000000002,0.59954,0.8743877538080832,0.7192478495952809
2021-09-20,1.673,1.467,1.4368699999999999,1.27986,1.5543487204593518,1.3908265098297494,0.6921799999999999,0.67933,0.71481,0.67874,0.6798011808982674,0.6703999931822306,0.9808200000000001,0.7876700000000001,0.7220599999999999,0.60112,0.8745475395610844,0.7204265166475188
2021-09-27,1.67,1.48,1.43748,1.29097,1.5542644391616598,1.403510342610555,0.68974,0.6899,0.7153099999999999,0.68792,0.6797012951563902,0.6808713446781621,0.9802599999999999,0.7901,0.7221700000000002,0.60305,0.8745631440052696,0.722638997932393
2021-10-04,1.695,1.502,1.44815,1.3094700000000001,1.5752272991141487,1.4321415218091371,0.7100700000000001,0.7077899999999999,0.7241299999999999,0.70321,0.6965715598551429,0.704219336199909,0.98493,0.7942100000000001,0.7240200000000001,0.6062600000000001,0.8786557392590059,0.7279221856092282
2021-10-11,1.71,1.513,1.46651,1.3352899999999999,1.6033208406628046,1.466689139916908,0.72226,0.71673,0.7393,0.7245499999999999,0.7200824751245384,0.7330852898313758,0.98774,0.7962699999999999,0.72721,0.61074,0.8832383655382662,0.7336038500855322
2021-10-18,1.724,1.536,1.4837,1.3578599999999998,1.6255393112425929,1.493391507822109,0.7536499999999999,0.7454299999999999,0.75351,0.7432000000000001,0.7383464019229405,0.7549963028914595,0.97035,0.7905700000000001,0.73019,0.6146599999999998,0.8871929093196523,0.7383952049306495
2021-10-25,1.723,1.538,1.4972,1.37356,1.6334538888890286,1.5010061578873488,0.75283,0.74706,0.76467,0.75617,0.7453287054825943,0.761705753562132,0.9701700000000001,0.7909400000000001,0.7325300000000001,0.6173899999999999,0.8881251834064343,0.7393004043252168
2021-11-01,1.733,1.542,1.50585,1.38195,1.6432855793913619,1.5079629663535044,0.7609600000000001,0.7503099999999999,0.77181,0.7631100000000001,0.7530180464601591,0.7672355933021406,0.97204,0.7916900000000001,0.7340399999999999,0.61884,0.8902675329312028,0.7407273730513637
2021-11-08,1.737,1.54,1.51,1.38435,1.6537456522224996,1.5103291605678342,0.76422,0.7486799999999999,0.77524,0.76509,0.761302303792716,0.768894686082854,0.9727800000000001,0.7913200000000001,0.73476,0.6192599999999999,0.8924433484297836,0.7414344744849801
2021-11-15,1.729,1.541,1.5130299999999999,1.3856400000000002,1.6539354551055672,1.509486424826914,0.75771,0.7495,0.77775,0.76616,0.7621487803359912,0.7686988983853524,0.9712900000000001,0.7914999999999999,0.7352799999999998,0.6194800000000003,0.891786674769576,0.7407875264415615
2021-11-22,1.718,1.532,1.51273,1.3805699999999999,1.6458334127032441,1.502929991387165,0.7487699999999999,0.74218,0.7775,0.76197,0.7563792006991399,0.7639088438630535,0.96923,0.7898200000000001,0.7352299999999999,0.6185999999999998,0.8894542120041042,0.7390211475241115
2021-11-29,1.699,1.527,1.50928,1.37655,1.6317757223724552,1.4979798936720736,0.7333200000000001,0.73811,0.77465,0.75864,0.7452311540876064,0.7600299787967177,0.96568,0.7888899999999999,0.73463,0.61791,0.8865445682848487,0.7379499148753559
2021-12-06,1.659,1.498,1.48804,1.3547799999999999,1.6048395230554087,1.4835540360970068,0.7008,0.71454,0.7571,0.74065,0.72187129958399,0.7471975146834985,0.9582,0.78346,0.73094,0.6141299999999998,0.8829682234714187,0.7363565214135083
2021-12-13,1.661,1.499,1.47953,1.34664,1.6008780324934657,1.4761276383725246,0.70243,0.71535,0.75006,0.73393,0.7188630244283363,0.7412812129371447,0.95857,0.7836500000000001,0.7294700000000001,0.6127100000000001,0.8820150080651294,0.7348464254353799
2021-12-20,1.664,1.503,1.47646,1.34436,1.5940000528454803,1.4701820080343984,0.70487,0.7186,0.74752,0.7320399999999999,0.7162687246711176,0.7380892218398469,0.9591299999999999,0.7843999999999999,0.7289400000000001,0.6123200000000001,0.8777313281743627,0.7320927861945514
2022-01-03,1.693,1.513,1.47963,1.34715,1.6146741585011708,1.4825037044879907,0.7284400000000001,0.72673,0.75014,0.7343500000000001,0.732753297263011,0.7481893536348635,0.96456,0.7862699999999999,0.72949,0.6128,0.8819208612381598,0.7343143508531272
2022-01-10,1.701,1.541,1.48951,1.35984,1.6244117825536648,1.5046655697841405,0.73495,0.7495,0.7583099999999999,0.74483,0.739587502116756,0.7648787162401575,0.9660500000000001,0.7914999999999999,0.7312,0.61501,0.8848242804369089,0.739786853543983
2022-01-17,1.705,1.551,1.50233,1.38066,1.6337772871811485,1.521582559057697,0.7382000000000001,0.75763,0.76891,0.7620399999999999,0.7472367738130383,0.7788132736925202,0.9668,0.7933699999999999,0.73342,0.6186200000000001,0.8865405133681101,0.7427692853651768
2022-01-24,1.736,1.591,1.5204600000000001,1.4038199999999998,1.64915447850228,1.5412704952937533,0.7634,0.79015,0.78389,0.78118,0.7606861511991202,0.7955974308425868,0.9726,0.80085,0.7365700000000002,0.6226399999999999,0.8884683273031598,0.7456730644511664
2022-01-31,1.758,1.621,1.53804,1.4221700000000002,1.6686774593980176,1.5610521665922945,0.7812899999999999,0.8145399999999999,0.7984199999999999,0.79635,0.7768382514282258,0.8120139735329471,0.9767100000000001,0.8064600000000001,0.7396200000000002,0.6258200000000002,0.8918392079697918,0.7490381930593474
2022-02-07,1.783,1.638,1.55888,1.4443599999999999,1.6731869042370102,1.5656445553088036,0.80161,0.81911,0.81564,0.81469,0.7905889228885882,0.8290114606364267,0.9813899999999999,0.8188899999999999,0.74324,0.6296699999999998,0.882597981348422,0.7366330946723769
2022-02-14,1.801,1.648,1.57546,1.4627000000000001,1.687823840954648,1.577820599632685,0.81625,0.83649,0.8293400000000001,0.82984,0.8034760351695874,0.8397544782552876,0.9847499999999999,0.81151,0.74612,0.6328600000000001,0.8843478057850606,0.7380661213773975
2022-02-21,1.813,1.656,1.59166,1.47949,1.6978264832719507,1.5858375037903636,0.826,0.84299,0.84273,0.84372,0.811871167556916,0.8465081288811136,0.987,0.8130099999999999,0.7489300000000001,0.63577,0.8859553157150347,0.73932937490925
2022-02-28,1.832,1.675,1.6088399999999998,1.49679,1.7354438637122773,1.6246413534127546,0.84145,0.8584400000000001,0.85693,0.85802,0.8454364813769262,0.8807295709253674,0.99055,0.81656,0.7519099999999999,0.6387700000000001,0.8900073823353511,0.7439117824873872
2022-03-07,1.917,1.812,1.67983,1.58101,1.8445688661451938,1.7789147692227154,0.9105599999999999,0.96982,0.9156,0.92762,0.9401698438914837,1.0129453794303773,1.00644,0.84218,0.76423,0.65339,0.90439902225371,0.7659693897923381
2022-03-14,2.028,1.979,1.8446300000000002,1.8173599999999999,1.9993510896914224,2.0140607678837226,1.01752,1.1299100000000002,1.0517999999999998,1.1229500000000001,1.0709495643234639,1.2114572204620133,1.01048,0.8490899999999999,0.7928300000000004,0.6944099999999997,0.9284015253679585,0.8026035474217093
2022-03-21,1.927,1.847,1.8134100000000002,1.79763,1.930542415884107,1.9294598502636562,0.93541,1.0226,1.026,1.10664,1.0176416458704869,1.1439881894663009,0.9915900000000001,0.8244,0.7874100000000002,0.69099,0.91290077001362,0.7854716607973553
2022-03-28,2.027,1.995,1.8182,1.83719,1.898744504707102,1.9485983737541916,1.01671,1.15577,1.0299500000000001,1.13934,1.0280004345561193,1.1917370794052398,1.0102900000000001,0.8392300000000001,0.7882499999999999,0.6978500000000001,0.8707440701509828,0.7568612943489519
2022-04-04,1.989,1.927,1.81301,1.84703,1.8502034011806179,1.8742007791672624,0.98581,1.10049,1.02567,1.14747,0.9998501982291452,1.1322554111767091,1.00319,0.8265100000000001,0.7873399999999999,0.69956,0.8503532029514727,0.7419453679905532
2022-04-11,1.948,1.864,1.7907,1.8138699999999999,1.821440059228412,1.8213873956295878,0.95248,1.04927,1.00723,1.12007,0.9760199859098707,1.088100550817715,0.99552,0.8147300000000002,0.7834699999999999,0.6938,0.8454200733185412,0.7332868448118728
2022-04-25,1.975,1.926,1.81707,1.84741,1.8297138751604385,1.8526372982740709,0.9744299999999999,1.0996700000000001,1.02902,1.1477899999999999,0.9832051992618641,1.1146199722729173,1.0005700000000002,0.8263299999999998,0.7880499999999999,0.6996200000000001,0.8465086758985744,0.7380173260011536
2022-05-02,1.878,1.84,1.83722,1.87279,1.8481156794468525,1.873461770220557,1.0217100000000001,1.1451500000000001,1.04567,1.16876,1.0077760361334218,1.1386485199331795,0.8562899999999998,0.69485,0.79155,0.7040299999999999,0.8403396433134307,0.7348132502873774
2022-05-09,1.915,1.84,1.87826,1.91149,1.8816476675487919,1.8987842113421636,1.0718699999999999,1.15736,1.0795899999999998,1.20074,1.0368784760025445,1.1602578058475088,0.8431300000000002,0.6826400000000001,0.7986700000000002,0.71075,0.8447691915462474,0.7385264054946548
2022-05-16,1.952,1.797,1.89784,1.88707,1.9181921671737248,1.8723302605478387,1.10195,1.1224100000000001,1.09577,1.18056,1.0673245788996597,1.1376884636002884,0.85005,0.6745899999999998,0.8020700000000001,0.70651,0.8508675882740651,0.7346417969475503
2022-05-23,2.016,1.765,1.9403599999999999,1.86703,1.959908731366999,1.850698735695079,1.16619,1.0963900000000002,1.13091,1.164,1.1018642328615602,1.1193716980699833,0.84981,0.6686099999999997,0.8094499999999998,0.70303,0.8580444985054387,0.7313270376250958
2022-05-30,2.055,1.789,1.96844,1.8522100000000001,1.9880136581704588,1.84971462394647,1.20263,1.1159000000000001,1.1541199999999998,1.15175,1.125652296210041,1.1184437863434682,0.8523700000000001,0.6730999999999998,0.8143200000000002,0.7004600000000001,0.8623613619604178,0.7312708376030017
2022-06-06,2.171,1.893,2.04858,1.9169,2.0078902882995178,1.9029818529465667,1.3009300000000001,1.20298,1.2203499999999998,1.2052100000000001,1.2098484608777595,1.189331326610178,0.8700699999999997,0.6900200000000001,0.82823,0.7116899999999999,0.7980418274217582,0.7136505263363888
2022-06-13,2.17,2.024,2.11709,2.00373,2.0338069731845465,1.9798228206912951,1.30012,1.30949,1.27697,1.27698,1.2324253981092208,1.2540132418506855,0.86988,0.71451,0.8401200000000002,0.72675,0.8013815750753257,0.7258095788406096
2022-06-20,2.121,2.08,2.14158,2.07653,2.032334861603369,2.027227192668565,1.26991,1.35806,1.29721,1.33714,1.231413157760073,1.2935934124925657,0.8510899999999999,0.72194,0.8443699999999998,0.73939,0.8009217038432961,0.7336337801759993
2022-06-27,2.101,2.066,2.12858,2.10048,2.013382486463116,2.0334165285043637,1.2507300000000001,1.34667,1.28647,1.35693,1.215979163591916,1.299319571454037,0.8502699999999999,0.7193299999999998,0.8421099999999999,0.7435500000000002,0.7974033228712001,0.7340969570503266
2022-07-04,2.084,1.993,2.11293,2.0764899999999997,1.9918005363902136,1.9959500793132656,1.2369100000000002,1.2873299999999999,1.27353,1.3371099999999998,1.198186865928008,1.268163559923329,0.8470899999999999,0.7056700000000002,0.8393999999999999,0.7393799999999999,0.7936136704622057,0.7277865193899367
2022-07-11,2.019,1.923,2.07279,2.0225,1.9577413403423842,1.9504515819267296,1.18406,1.23041,1.24036,1.29249,1.1698742855166808,1.2304132133719239,0.8349400000000002,0.69259,0.83243,0.73001,0.7878670548257034,0.7200383685548057
2022-07-18,1.908,1.955,2.02603,1.9716099999999999,1.925120233422007,1.9329680542460899,1.09382,1.2564300000000002,1.20171,1.2504300000000002,1.1424438357214295,1.2158218726629044,0.8141799999999999,0.6985699999999999,0.8243199999999999,0.7211799999999997,0.7826763977005775,0.7171461815831854
2022-07-25,1.895,1.857,1.95471,1.93306,1.8759321160886608,1.8985469703578526,1.08325,1.17676,1.14277,1.21857,1.1010695026181492,1.1869608875532491,0.81175,0.68024,0.8119399999999999,0.7144900000000001,0.7748626134705117,0.7115860828046034
2022-08-01,1.889,1.83,1.90256,1.89332,1.8509566834442566,1.8742559621956714,1.0783699999999998,1.1548,1.0996700000000001,1.18573,1.0805575799903637,1.1669227319966566,0.8106300000000002,0.6752,0.8028899999999999,0.7075899999999999,0.7703991034538928,0.7073332301990147
2022-08-08,1.805,1.746,1.8607799999999999,1.85426,1.795036193818635,1.8275413445006499,1.01008,1.08651,1.0651400000000002,1.15345,1.0330048828623153,1.1269980796914043,0.7949199999999998,0.6594899999999999,0.7956399999999997,0.7008099999999999,0.7620313109563197,0.7005432648092456
2022-08-15,1.787,1.729,1.79757,1.80608,1.766962193926674,1.7987697470401331,0.9954500000000001,1.0726900000000001,1.01291,1.1136300000000001,1.009745697298628,1.1025359997772357,0.7915499999999999,0.65631,0.7846599999999999,0.6924499999999998,0.7572164966280459,0.6962337472628974
2022-08-22,1.777,1.771,1.78697,1.8161500000000002,1.75473128993289,1.8199239102388156,0.9873200000000001,1.1068399999999998,1.00414,1.12195,0.9999027742113714,1.1206304275064953,0.7896799999999998,0.6641600000000001,0.7828299999999999,0.6942000000000002,0.7548285157215185,0.6992934827323203
2022-08-29,1.781,1.865,1.79416,1.88255,1.7694594204629843,1.9031562253024157,0.9905700000000001,1.18326,1.01009,1.1768299999999998,1.0121087288308939,1.1903032256437214,0.7904299999999999,0.68174,0.78407,0.7057200000000001,0.7573506916320905,0.7128529996586943
2022-09-05,1.719,1.829,1.7795999999999998,1.92121,1.7982805019994395,1.900974630268279,0.94016,1.15399,0.99805,1.20878,0.9701327373359481,1.16322410051889,0.7788400000000001,0.6750099999999999,0.7815499999999999,0.7124300000000001,0.8281477646634914,0.7377505297493892
2022-09-12,1.703,1.823,1.74856,1.90573,1.7663816944115145,1.8861594123870156,0.92715,1.1491099999999999,0.9723999999999999,1.19598,0.942029944208452,1.1504345488673735,0.77585,0.6738900000000001,0.77616,0.7097499999999999,0.8243517502030625,0.7357248635196421
2022-09-19,1.695,1.76,1.70899,1.86799,1.7388785008827856,1.8302161766760956,0.92065,1.09789,0.9397000000000001,1.16479,0.919580898679969,1.1041066861301403,0.7743500000000001,0.66211,0.7692899999999999,0.7032,0.8192976022028167,0.7261094905459553
2022-09-26,1.688,1.737,1.68099,1.82201,1.7157693692242908,1.7992408169780838,0.91496,1.0792,0.9165599999999999,1.12679,0.9012109588607807,1.0788026638166346,0.77304,0.6578000000000002,0.76443,0.69522,0.8145584103635101,0.7204381531614492
2022-10-03,1.701,1.752,1.67648,1.80835,1.7230483817374826,1.804889925699364,0.88107,1.09071,0.91283,1.1155,0.8979517806678625,1.0790294454953224,0.81993,0.6612899999999999,0.7636499999999999,0.69285,0.8250966010696201,0.7258604802040416
2022-10-10,1.825,1.856,1.71101,1.8565999999999998,1.7740440050790705,1.8901378969214149,0.98188,1.17526,0.94137,1.15538,0.9407618748314878,1.151018258757686,0.84312,0.6807400000000001,0.7696399999999999,0.7012199999999997,0.8332821302475827,0.7391196381637288
2022-10-17,1.886,1.954,1.7566300000000001,1.9492,1.8077340314288546,1.9610247500555824,1.03147,1.25494,0.97907,1.23191,0.9683782270311924,1.209459701272745,0.8545299999999998,0.69906,0.7775600000000001,0.71729,0.8393558043976622,0.7515650487828374
2022-10-24,1.835,1.953,1.76329,1.9729,1.786969625975663,1.965217223816176,0.99001,1.25412,0.9845700000000001,1.2515,0.9502315539100693,1.2127697352197324,0.84499,0.6988800000000002,0.77872,0.7214,0.8367380720655936,0.7524474885964436
2022-10-31,1.817,1.941,1.7596500000000002,1.97143,1.7791717620235883,1.954015592738194,0.97538,1.24437,0.98157,1.25028,0.9425904624844456,1.2034656495546914,0.8416199999999999,0.6966300000000001,0.7780800000000001,0.72115,0.8365812995391427,0.7505499431835025
2022-11-07,1.823,1.879,1.77132,1.96398,1.7906652881291956,1.9324376828273029,0.99156,1.22485,0.99121,1.24412,0.9511783142963757,1.1853378942278854,0.83144,0.65415,0.78011,0.7198600000000002,0.8394869738328199,0.7470997885994175
2022-11-14,1.785,1.797,1.78484,1.9399000000000002,1.777041222010604,1.886106197589006,0.9606699999999999,1.15819,1.00238,1.22422,0.9387437771949604,1.1467963648218287,0.82433,0.6388099999999999,0.7824599999999999,0.7156800000000001,0.8382974448156436,0.7393098327671774
2022-11-21,1.703,1.701,1.7646600000000001,1.87678,1.7341770169036361,1.849899590619379,0.894,1.08014,0.9857100000000001,1.1720599999999999,0.9034821033924585,1.1172078247476964,0.809,0.62086,0.77895,0.70472,0.8306949135111776,0.7326917658716825
2022-11-28,1.648,1.644,1.73054,1.82157,1.6990619208491358,1.804699819059461,0.84929,1.0338,0.95751,1.12643,0.8741118578173959,1.0796066846169496,0.7987099999999999,0.6101999999999999,0.77303,0.6951399999999999,0.8249500630317399,0.7250931344425113
2022-12-05,1.652,1.643,1.688,1.76396,1.6851926815414493,1.77878811677021,0.82888,0.99361,0.92235,1.07882,0.8622067716175762,1.0572616389937874,0.82312,0.64939,0.7656499999999999,0.6851400000000001,0.8229859099238731,0.7215264777764225
2022-12-12,1.593,1.563,1.64218,1.71097,1.646221520943468,1.7268305742175847,0.78091,0.92857,0.88448,1.03502,0.8139446557474652,1.0012696370366458,0.81209,0.6344299999999999,0.7576999999999999,0.67595,0.8322768651960029,0.7255609371809388
2022-12-19,1.582,1.608,1.5906600000000002,1.66175,1.629665879694775,1.7221870019227559,0.77197,0.96516,0.8419099999999999,0.9943500000000001,0.7999980435944878,0.997346869008792,0.81003,0.6428400000000001,0.7487500000000002,0.6674,0.8296678361002872,0.7248401329139639
2022-12-26,1.6,1.607,1.5654000000000001,1.6433499999999999,1.62541164307249,1.716243115642026,0.7866000000000001,0.9643400000000001,0.8210299999999999,0.97914,0.7965847216863847,0.9923884797167687,0.8134,0.6426599999999999,0.7443700000000002,0.6642099999999999,0.8288269213861054,0.7238546359252572
2023-01-02,1.67,1.634,1.58384,1.66081,1.6663878418818916,1.753499484357699,0.83174,0.9732799999999999,0.83627,0.9935700000000001,0.7751710427621185,0.9756493499831467,0.8382599999999999,0.66072,0.74757,0.6672399999999998,0.8912167991197731,0.7778501343745523
2023-01-09,1.661,1.599,1.61635,1.68194,1.6870056881043052,1.7671918514769367,0.82443,0.9448200000000001,0.86314,1.0110299999999999,0.7916753248305226,0.9869832780728812,0.83657,0.6541799999999999,0.7532099999999999,0.6709100000000001,0.8953303632737826,0.7802085734040555
2023-01-16,1.672,1.611,1.61933,1.67908,1.6929402261417354,1.7653464055202297,0.83337,0.9545800000000001,0.8656,1.00867,0.7961569136362892,0.9985315783976625,0.8386299999999999,0.6564199999999999,0.7537299999999999,0.67041,0.8967833125054463,0.7668148271225672
2023-01-23,1.705,1.634,1.63678,1.68831,1.7156208158535367,1.7802149585596485,0.8602000000000001,0.9732799999999999,0.88002,1.0163,0.8142341929342004,0.9978786844301807,0.8448,0.66072,0.7567599999999999,0.67201,0.9013866229193362,0.7823362741294678
2023-01-30,1.739,1.65,1.66086,1.70404,1.7412069159955208,1.794909352848193,0.8878400000000001,0.9862799999999999,0.8999199999999999,1.0292999999999999,0.835728613481733,1.0097529642203762,0.85116,0.66372,0.7609400000000001,0.6747400000000001,0.9054783025137878,0.7851563886278168
2023-02-06,1.689,1.58,1.6553099999999998,1.6774200000000001,1.7244880600564414,1.7562281310993642,0.86626,0.92937,0.8953300000000001,1.0072999999999999,0.8236029336618911,0.9780570577977765,0.82274,0.65063,0.7599799999999998,0.6701200000000003,0.9008851263945503,0.7781710733015876
2023-02-13,1.668,1.533,1.6335899999999999,1.62875,1.7205674787588368,1.7187227340848492,0.84919,0.89116,0.87738,0.9670700000000001,0.8193978189008171,0.946516769968321,0.8188099999999999,0.64184,0.7562099999999998,0.6616799999999998,0.9011696598580197,0.7722059641165282
2023-02-20,1.674,1.539,1.63662,1.6114000000000002,1.723769344283044,1.707353835591269,0.85407,0.89604,0.87989,0.95274,0.8216642271344814,0.9358307326646674,0.8199299999999999,0.64296,0.75673,0.6586600000000001,0.9021051171485626,0.7715231029266015
2023-02-27,1.668,1.521,1.6322,1.5891,1.719708845012519,1.6877369629313905,0.84919,0.8814099999999999,0.87624,0.93431,0.8180268614511229,0.9191975158629776,0.8188099999999999,0.63959,0.7559600000000001,0.65479,0.9016819835613962,0.7685394470684129
2023-03-06,1.683,1.566,1.6356700000000002,1.5888,1.727633652505333,1.6941089006568242,0.85412,0.9025,0.8791,0.9340599999999999,0.823647820106176,0.923536328559847,0.8288800000000001,0.6635000000000001,0.7565700000000002,0.6547400000000001,0.9039858323991571,0.7705725720969772
2023-03-13,1.688,1.552,1.64446,1.5926600000000002,1.7292085092861813,1.6896665166864857,0.85819,0.89112,0.88637,0.93725,0.8261251886896995,0.9200309398064084,0.8298099999999999,0.66088,0.75809,0.6554100000000002,0.9030833205964818,0.7696355768800773
2023-03-20,1.657,1.515,1.6359000000000001,1.57104,1.7078569226788807,1.6638534664450564,0.83298,0.8610399999999999,0.87929,0.91938,0.8090080926854539,0.8977851523969188,0.82402,0.65396,0.7566100000000001,0.65166,0.8988488299934267,0.7660683140481376
2023-03-27,1.667,1.507,1.62757,1.5458900000000002,1.7147139728909875,1.6538734681091944,0.84111,0.85453,0.87241,0.8986000000000001,0.8133252609608658,0.8887779127368228,0.82589,0.6524699999999999,0.7551599999999999,0.6472900000000001,0.9013887119301217,0.7650955553723716
2023-04-03,1.693,1.494,1.63102,1.52996,1.7337669100532263,1.6404298584860382,0.86225,0.84396,0.87526,0.8854299999999999,0.8284984983575315,0.8762350608154867,0.8307500000000001,0.65004,0.7557599999999999,0.64453,0.9052684116956947,0.7641947976705514
2023-04-10,1.707,1.498,1.64056,1.52372,1.7584088798071507,1.6449822603790236,0.87363,0.84722,0.88314,0.88027,0.8486355453852472,0.8799261982456147,0.83337,0.65078,0.75742,0.64345,0.9097733344219034,0.7650560621334089
2023-04-17,1.714,1.49,1.65129,1.51975,1.7660489270539008,1.6390351682078403,0.8793300000000001,0.8307100000000001,0.89201,0.87699,0.8545930719713972,0.8742556145061406,0.8346699999999999,0.6592899999999999,0.75928,0.6427599999999999,0.9114558550825036,0.7647795537016997
2023-04-24,1.673,1.473,1.6418499999999998,1.4964600000000001,1.7403455349610097,1.6062842893904816,0.84599,0.81689,0.88421,0.8577400000000001,0.8340223726242547,0.8471372609466392,0.82701,0.6561100000000001,0.7576399999999998,0.6387200000000001,0.906323162336755,0.7591470284438424
2023-05-01,1.659,1.454,1.6223599999999998,1.46469,1.7287492086785106,1.5773769337468713,0.81572,0.77937,0.8681,0.8314900000000001,0.8234777927043866,0.8224821119714085,0.84328,0.67463,0.7542599999999998,0.6332,0.905271415974124,0.7548948217754627
2023-05-08,1.613,1.405,1.59931,1.43372,1.7057456059656033,1.5445056511331146,0.77832,0.73954,0.84905,0.80589,0.8039879576058855,0.7951723176788725,0.83468,0.66546,0.75026,0.6278300000000001,0.9017576483597178,0.749333333454242
2023-05-15,1.637,1.425,1.57969,1.41199,1.6994962820601796,1.529657870866949,0.79783,0.7557999999999999,0.83284,0.7879299999999999,0.7978890271693572,0.7820097545332366,0.83917,0.6692000000000001,0.74685,0.6240600000000002,0.9016072548908224,0.7476481163337124
2023-05-22,1.654,1.439,1.57649,1.4091,1.7012079531310558,1.5287885250429374,0.8116599999999999,0.76718,0.8301900000000001,0.78555,0.7992610450693627,0.7816148771272053,0.84234,0.6718200000000001,0.7462999999999999,0.62355,0.9019469080616931,0.747173647915732
2023-05-29,1.678,1.444,1.58499,1.41584,1.7147314406419893,1.5340796445580536,0.83117,0.77124,0.8372200000000001,0.79112,0.810552535230727,0.7860278480812556,0.84683,0.6727599999999999,0.7477699999999998,0.6247199999999999,0.9041789054112623,0.748051796476798
2023-06-05,1.664,1.439,1.58827,1.41719,1.7119476883475708,1.5337807458860928,0.80143,0.74718,0.83993,0.79223,0.8073524882004426,0.784306233421551,0.86257,0.6918200000000001,0.7483400000000001,0.62496,0.9045952001471282,0.7494745124645418
2023-06-12,1.702,1.48,1.59427,1.42416,1.7253010886664712,1.5459270515863,0.8323200000000001,0.78051,0.84489,0.79799,0.8181119658756361,0.7940778019963965,0.8696799999999999,0.69949,0.74938,0.6261700000000001,0.9071891227908352,0.7518492495899034
2023-06-19,1.685,1.482,1.59664,1.4271500000000001,1.7219937478877958,1.5489839864155839,0.8185,0.78214,0.84685,0.8004600000000001,0.8157916591246107,0.7969712974876695,0.8665,0.69986,0.7497900000000001,0.6266900000000001,0.9062020887631851,0.7520126889279144
2023-06-26,1.672,1.499,1.59824,1.4413900000000002,1.7218557586013674,1.566155893951326,0.8079299999999999,0.79596,0.84817,0.81223,0.8156163103646669,0.8107745557978009,0.86407,0.7030400000000001,0.7500700000000001,0.6291600000000002,0.9062394482367006,0.7553813381535252
2023-07-03,1.648,1.484,1.59169,1.43757,1.7279076292383806,1.561815501532079,0.77007,0.76376,0.84276,0.8090700000000001,0.8201230389410068,0.8038767176999118,0.8779299999999999,0.72024,0.7489300000000001,0.6285,0.9077845902973738,0.7579387838321672
2023-07-10,1.681,1.519,1.59371,1.43965,1.7262716188682898,1.5655888026073048,0.7968999999999999,0.79222,0.8444299999999999,0.81079,0.8184930596985559,0.8069486861832141,0.8841000000000001,0.7267799999999999,0.7492800000000001,0.6288600000000001,0.9077785591697339,0.7586401164240907
2023-07-17,1.697,1.535,1.6024200000000002,1.45348,1.736533861210336,1.5827532775205624,0.8099,0.80523,0.85162,0.8222200000000001,0.8260080570243882,0.8206977964043117,0.8871000000000001,0.7297699999999999,0.7508000000000001,0.63126,0.9105258041859479,0.7620554811162507
2023-07-24,1.719,1.539,1.61501,1.46531,1.7467928577556566,1.5912618151419833,0.8277899999999999,0.80848,0.86203,0.832,0.8345385967126403,0.8279352414083573,0.8912100000000002,0.73052,0.7529800000000001,0.6333099999999999,0.9122542610430163,0.763326573733626
2023-07-31,1.809,1.626,1.6505,1.50179,1.7867338380392042,1.6341447735326524,0.8826,0.85921,0.89136,0.86215,0.8565978135794257,0.8626261470412926,0.9263999999999999,0.7667899999999999,0.75914,0.63964,0.9301360244597785,0.7715186264913598
2023-08-07,1.823,1.688,1.68028,1.5526600000000002,1.8000128060185678,1.6817245835612,0.89398,0.90962,0.9159700000000001,0.90419,0.8686615633224805,0.9006404936705026,0.92902,0.77838,0.7643099999999999,0.6484700000000001,0.9313512426960874,0.7810840898906974
2023-08-14,1.827,1.706,1.69203,1.58619,1.8115945443220902,1.7085718641705416,0.89724,0.92425,0.92568,0.9319,0.8783841008448415,0.9228301434449971,0.9297599999999999,0.78175,0.76635,0.65429,0.9332104434772487,0.7857417207255445
2023-08-21,1.855,1.703,1.7097200000000001,1.6019100000000002,1.8159794619096545,1.7118934022491596,0.92,0.9218099999999999,0.9402999999999999,0.94489,0.882393313862831,0.9260946948065171,0.9349999999999999,0.7811900000000002,0.7694200000000002,0.6570200000000002,0.9335861480468235,0.7857987074426426
2023-08-28,1.872,1.724,1.72104,1.61226,1.827464904583091,1.7208343014851084,0.9338200000000001,0.93889,0.94966,0.95345,0.8918310266094771,0.9341610593627032,0.93818,0.78511,0.77138,0.65881,0.935633877973614,0.7866732421224052
2023-09-04,1.872,1.72,1.73113,1.62282,1.8336932125327086,1.7328471790197695,0.9338200000000001,0.93563,0.958,0.96217,0.896356537468304,0.943138960952085,0.93818,0.78437,0.7731300000000001,0.66065,0.9373366750644045,0.7897082180676844
2023-09-11,1.859,1.752,1.73525,1.63415,1.8303155426913478,1.746347782810121,0.92325,0.96165,0.9614,0.97154,0.8947251156464232,0.9560323332016932,0.93575,0.79035,0.7738499999999999,0.66261,0.9355904270449246,0.7903154496084278
2023-09-18,1.857,1.805,1.7515,1.66826,1.8380931645850096,1.77934652681155,0.92163,1.00474,0.9748300000000001,0.99973,0.9007565000372307,0.9832550797852077,0.93537,0.80026,0.77667,0.6685300000000001,0.9373366645477789,0.7960914470263424
2023-09-25,1.865,1.805,1.7598900000000002,1.68591,1.8391632015428379,1.7882766951974793,0.93813,1.02474,0.98176,1.01431,0.90144435974368,0.9909007167305581,0.92687,0.78026,0.7781300000000002,0.6716,0.9377188417991579,0.7973759784669212
2023-10-02,1.853,1.782,1.75196,1.6877,1.8239590162605337,1.7824951419942052,0.92837,1.00604,0.97521,1.01579,0.8891606293812796,0.9863012319565914,0.92463,0.77596,0.7767499999999999,0.67191,0.9347983868792541,0.7961939100376139
2023-10-09,1.798,1.744,1.7193900000000002,1.6827699999999999,1.7894129144670685,1.7667327727630613,0.88366,0.97515,0.94829,1.01172,0.8611326264555867,0.972949278956424,0.91434,0.76885,0.7711000000000002,0.6710499999999999,0.9282802880114818,0.7937834938066373
2023-10-16,1.76,1.711,1.6795,1.6568800000000001,1.7654537304397266,1.7508992910826613,0.85276,0.94832,0.9153300000000001,0.9903200000000001,0.8396907051751668,0.9588727005399511,0.90724,0.76268,0.7641699999999999,0.66656,0.9257630252645599,0.7920265905427102
2023-10-23,1.774,1.726,1.6628699999999998,1.65407,1.763569337086049,1.7558253611395724,0.86415,0.96051,0.90158,0.988,0.8379834334951932,0.9626187866988125,0.90985,0.76549,0.7612899999999998,0.6660699999999999,0.9255859035908558,0.7932065744407599
2023-10-30,1.768,1.706,1.65211,1.64578,1.7550128433238195,1.7430010821668651,0.85927,0.94425,0.8926900000000001,0.98115,0.831571770707369,0.951646948244443,0.90873,0.7617499999999999,0.7594199999999999,0.66463,0.9234410726164505,0.7913541339224222
2023-11-06,1.764,1.692,1.6465999999999998,1.6408099999999999,1.7570883447951262,1.7459169266988435,0.85602,0.93287,0.88814,0.9770399999999999,0.8330245280254487,0.9541112805495655,0.90798,0.75913,0.7584599999999998,0.66377,0.9240638167696775,0.791805646149278
2023-11-13,1.739,1.649,1.61953,1.60709,1.7385520158762586,1.7162280582083969,0.83569,0.89791,0.86576,0.94917,0.8175737668787311,0.9292209692792245,0.9033100000000001,0.75109,0.7537699999999999,0.65792,0.9209782489975276,0.7870070889291724
2023-11-20,1.703,1.631,1.60001,1.57708,1.7202215849814584,1.697141250048572,0.8064199999999999,0.88328,0.84963,0.92437,0.8020290687952932,0.9128011063800112,0.8965800000000002,0.74772,0.7503799999999999,0.65271,0.9181925161861652,0.7843401436685609
2023-11-27,1.68,1.627,1.58563,1.55859,1.7180425183378465,1.6921155484672785,0.78772,0.88002,0.83775,0.9090900000000001,0.7954605804262046,0.905717600030131,0.89228,0.74698,0.7478800000000001,0.6494999999999999,0.9225819379116419,0.7863979484371475
2023-12-04,1.667,1.607,1.57208,1.54308,1.7015133370509232,1.6773652353738286,0.77715,0.86376,0.82655,0.89627,0.7857747098504667,0.896103571039572,0.88985,0.74324,0.7455299999999999,0.64681,0.9157386272004565,0.7812616643342566
2023-12-11,1.642,1.576,1.5578699999999999,1.52659,1.6816251078280402,1.6527481970553155,0.75683,0.83856,0.8148099999999999,0.88264,0.7697790024729355,0.8759806857093246,0.8851699999999999,0.7374400000000001,0.7430599999999999,0.6439499999999999,0.9118461053551047,0.7767675113459909
2023-12-18,1.628,1.554,1.53691,1.50166,1.6648684884545741,1.6328131653228593,0.7454500000000001,0.82067,0.79748,0.8620399999999999,0.7560320925155846,0.8597474305513573,0.8825499999999998,0.73333,0.73943,0.6396200000000001,0.9088363959389896,0.773065734771502
2023-12-25,1.641,1.574,1.5319500000000001,1.49296,1.6671650490392396,1.6369780093998445,0.75602,0.83693,0.79338,0.85485,0.7573453860085522,0.8630499076910417,0.88498,0.7370700000000001,0.7385700000000002,0.6381100000000001,0.9098196630306874,0.7739281017088028
2024-01-01,1.643,1.567,1.53459,1.4936500000000001,1.66123986712701,1.6267227481008804,0.75764,0.83124,0.79557,0.85542,0.7493792499601859,0.8447527734041393,0.88536,0.73576,0.7390199999999999,0.6382300000000002,0.9118606171668242,0.781969974696741
2024-01-08,1.644,1.552,1.5359200000000002,1.48802,1.6665707919098294,1.6260154631464927,0.75846,0.81905,0.79667,0.85077,0.7522778629841207,0.8424220636917098,0.8855399999999999,0.7329500000000001,0.7392500000000002,0.6372499999999999,0.9142929289257087,0.7835933994547829
2024-01-15,1.645,1.561,1.5352000000000001,1.48388,1.6631169803822834,1.6230378717599727,0.75927,0.82637,0.79607,0.84735,0.7497749287998507,0.8401775283826326,0.88573,0.7346299999999999,0.7391300000000001,0.63653,0.9133420515824326,0.7828603433773401
2024-01-22,1.663,1.579,1.5375699999999999,1.48682,1.6661093925947852,1.62826458178768,0.7739,0.841,0.79803,0.84978,0.7524637684480795,0.8442838296692199,0.8891,0.738,0.7395399999999999,0.63704,0.9136456241467057,0.7839807521184601
2024-01-29,1.686,1.604,1.54619,1.4958099999999999,1.6871374350776764,1.6488128082311875,0.7926,0.86133,0.80515,0.85721,0.769907149817743,0.8613491043459428,0.8934,0.74267,0.7410399999999999,0.6385999999999998,0.9172302852599334,0.7874637038852447
2024-02-05,1.696,1.626,1.56006,1.51295,1.6949570947850205,1.6657063937680487,0.80073,0.87921,0.81662,0.87137,0.7759292850476422,0.8749036748468949,0.8952699999999999,0.7467899999999998,0.74344,0.64158,0.9190278097373783,0.7908027189211538
2024-02-12,1.706,1.647,1.57224,1.5278900000000002,1.714405528749658,1.6881352007745887,0.80886,0.89628,0.82668,0.8837200000000001,0.7917965327314122,0.8933336435370564,0.8971399999999999,0.75072,0.7455600000000001,0.6441700000000001,0.9226089960182459,0.7948015572375323
2024-02-19,1.733,1.664,1.59864,1.55829,1.731045937528698,1.7093418252731203,0.8308099999999999,0.91011,0.8485,0.90884,0.8057280652977946,0.9109749160191507,0.9021900000000002,0.75389,0.75014,0.64945,0.9253178722309033,0.7983669092539696
2024-02-26,1.727,1.64,1.60592,1.56132,1.728993904178691,1.7005643269092927,0.82594,0.89059,0.85452,0.91135,0.803782455492802,0.903545217167395,0.9010600000000001,0.7494099999999999,0.7514000000000001,0.64997,0.925211448685889,0.7970191097418977
2024-03-04,1.734,1.63,1.6095599999999999,1.55225,1.7312900301278467,1.6876809106671342,0.83163,0.88246,0.85752,0.90385,0.8041947721686269,0.8914344866073264,0.90237,0.7475399999999999,0.7520399999999999,0.6483999999999999,0.9270952579592198,0.7962464240598078
2024-03-11,1.732,1.616,1.61474,1.54249,1.7325254895283746,1.6795446450627978,0.83,0.8710800000000001,0.86181,0.89579,0.8046439349266558,0.8842530535619482,0.902,0.74492,0.7529300000000001,0.6466999999999999,0.9278815546017188,0.7952915915008496
2024-03-18,1.741,1.613,1.61677,1.5323699999999998,1.7372664757180587,1.6733856824205167,0.8373200000000001,0.86864,0.86348,0.88742,0.8090055113829097,0.8792365777931785,0.90368,0.74436,0.75329,0.6449499999999998,0.928260964335149,0.7941491046273381
2024-03-25,1.776,1.63,1.63581,1.5400999999999998,1.7547302777641132,1.6786680104444096,0.8657699999999999,0.88246,0.87922,0.89381,0.8259110870076425,0.8864402091796246,0.9102300000000001,0.7475399999999999,0.75659,0.6462899999999998,0.9288191907564707,0.792227801264785
2024-04-01,1.796,1.62,1.64592,1.54186,1.7757356859656421,1.6778024301623198,0.88203,0.87433,0.8875700000000001,0.89526,0.8417146817355775,0.883580970948631,0.9139700000000001,0.74567,0.75835,0.6466000000000001,0.9340210042300646,0.7942214592136888
2024-04-08,1.81,1.644,1.66039,1.55158,1.7959111538733799,1.6941021012472666,0.8934099999999999,0.89385,0.8995299999999999,0.9033,0.8561711268555438,0.8954048383238226,0.9165900000000001,0.7501499999999999,0.7608600000000001,0.64828,0.9397400270178361,0.798697262923444
2024-04-15,1.81,1.632,1.67689,1.56052,1.8056198759509348,1.6942627594868205,0.8934099999999999,0.88409,0.9131699999999999,0.91069,0.8648616195428768,0.8960360464713528,0.9165900000000001,0.7479099999999999,0.7637200000000001,0.6498299999999999,0.940758256408058,0.7982267130154677
2024-04-22,1.821,1.608,1.68684,1.55875,1.808193509411299,1.6779522628458285,0.90236,0.86458,0.9213899999999999,0.90922,0.8670221814986233,0.8827484327624984,0.9186399999999999,0.7434200000000001,0.76545,0.64953,0.9411713279126758,0.7952038300833302
2024-04-29,1.808,1.591,1.68741,1.54172,1.8009766564164567,1.6593479870561818,0.89179,0.85076,0.92186,0.89515,0.8613180787402017,0.8674070809476998,0.9162100000000001,0.74024,0.7655500000000001,0.64657,0.9396585776762549,0.791940906108482
2024-05-06,1.786,1.57,1.68526,1.53116,1.7913149889844324,1.645194212158339,0.8739,0.83368,0.9200900000000001,0.88642,0.8530431522475507,0.8554744450191165,0.9121,0.7363200000000001,0.7651699999999999,0.6447400000000001,0.9382718367368817,0.7897197671392224
2024-05-13,1.756,1.565,1.6718199999999999,1.51233,1.7794302971950888,1.632453802325309,0.84951,0.82962,0.90898,0.87086,0.8428778876414317,0.844599968263672,0.90649,0.7353799999999999,0.7628399999999999,0.64147,0.9365524095536572,0.787853834061637
2024-05-20,1.749,1.553,1.65796,1.4953800000000002,1.7680119037143913,1.6203528531192777,0.84382,0.81986,0.89752,0.85685,0.8329501204944307,0.8342222278618473,0.9051800000000001,0.7331399999999999,0.7604400000000001,0.6385300000000002,0.9350617832199606,0.7861306252574304
2024-05-27,1.745,1.552,1.6487,1.4844600000000001,1.7537297766177151,1.6091786164860113,0.84057,0.81905,0.88987,0.8478300000000001,0.8210332899276083,0.8249103327096333,0.9044300000000001,0.7329500000000001,0.75883,0.63663,0.9326964866901069,0.784268283776378
2024-06-03,1.733,1.551,1.64021,1.47482,1.7418449858013736,1.6014368204069327,0.8308099999999999,0.81824,0.88286,0.83986,0.8114518847141123,0.8187743295285933,0.9021900000000002,0.73276,0.75735,0.63496,0.9303931010872613,0.7826624908783394
2024-06-10,1.702,1.523,1.6236700000000002,1.45723,1.7238199326642987,1.5833870169924094,0.80561,0.79547,0.86919,0.82532,0.7952996050431982,0.8040836526387011,0.8963899999999999,0.7275299999999999,0.7544800000000002,0.63191,0.9285203276211005,0.7793033643537083
2024-06-17,1.708,1.551,1.61578,1.45351,1.7231734545706106,1.593248216183013,0.81049,0.81824,0.8626699999999999,0.82225,0.7968100298736982,0.8127550930306707,0.8975099999999999,0.73276,0.7531100000000001,0.63126,0.9263634246969124,0.7804931231523423
2024-06-24,1.726,1.585,1.61645,1.47049,1.7307087667750556,1.6143670527488032,0.82512,0.84588,0.86322,0.83628,0.8024041359692592,0.8296447405764115,0.90088,0.73912,0.75323,0.63421,0.9283046308057964,0.7847223121723917
2024-07-01,1.737,1.594,1.62198,1.4882,1.73860269567258,1.6257363380160894,0.8340700000000001,0.85319,0.86779,0.85092,0.8091426659291423,0.8391824709502145,0.90293,0.7408100000000001,0.75419,0.63728,0.9294600297434377,0.7865538670658749
2024-07-08,1.751,1.604,1.62618,1.49979,1.7478744499795011,1.6335762420404456,0.84545,0.86133,0.87126,0.8605,0.8148566283565999,0.8439417848052981,0.9055499999999999,0.74267,0.7549199999999999,0.6392899999999999,0.9330178216229013,0.7896344572351475
2024-07-15,1.737,1.583,1.62432,1.50003,1.742418832220278,1.6270903624737865,0.8340700000000001,0.84425,0.86972,0.8606900000000001,0.8103636379866642,0.8384768120233846,0.90293,0.73875,0.7545999999999999,0.6393399999999999,0.9320551942336138,0.7886135504504018
2024-07-22,1.726,1.565,1.61765,1.49258,1.7322573907745193,1.6127870183229078,0.82512,0.82962,0.86421,0.85454,0.8027548975555004,0.8273468705847588,0.90088,0.7353799999999999,0.75344,0.63804,0.9295024932190189,0.7854401477381491
2024-07-29,1.713,1.553,1.61149,1.48325,1.7265292546601023,1.6043639451750693,0.81455,0.81986,0.85912,0.8468300000000001,0.7979679845869494,0.8202042163689339,0.8984500000000001,0.7331399999999999,0.7523700000000001,0.6364199999999999,0.9285612700731529,0.7841597288061354
2024-08-05,1.713,1.544,1.60324,1.4736099999999999,1.7173960350848114,1.5908620262805135,0.81455,0.8125399999999999,0.7725680596497312,0.8730362406797295,0.7817665157442412,0.8135999872533816,0.8984500000000001,0.7314600000000001,0.8306719403502688,0.6005737593202704,0.9356295193405703,0.777262039027132
2024-08-12,1.687,1.525,1.5896199999999998,1.45936,1.7056149500989648,1.5793795841231908,0.79341,0.7971,0.84105,0.82708,0.7798050620366891,0.7988534204020713,0.8935900000000001,0.7278999999999999,0.7485699999999998,0.63228,0.9258098880622757,0.7805261637211195
2024-08-19,1.689,1.53,1.5833599999999999,1.45327,1.6987314828679572,1.5737039579334455,0.79504,0.80116,0.83587,0.82205,0.7735914303955806,0.7935699504766741,0.8939600000000001,0.72884,0.7474899999999999,0.6312200000000001,0.9251400524723765,0.7801340074567714
2024-08-26,1.683,1.531,1.56569,1.43774,1.6790239373432052,1.5558925171463671,0.76262,0.77198,0.82127,0.80921,0.756743702095035,0.7781509135387817,0.9203800000000001,0.7590199999999999,0.7444200000000001,0.62853,0.9222802352481702,0.7777416036075854
2024-09-02,1.67,1.53,1.55134,1.42424,1.6671299841503242,1.5457222998119824,0.75205,0.77116,0.80941,0.79806,0.746733508534694,0.769512420076624,0.9179499999999999,0.7588400000000001,0.74193,0.62618,0.9203964756156302,0.7762098797353584
2024-09-09,1.642,1.526,1.53033,1.40602,1.6402052804944136,1.5310939545522892,0.7155199999999999,0.75291,0.7920499999999999,0.783,0.7245674092726051,0.7572787122717999,0.92648,0.77309,0.73828,0.62302,0.9156378712218085,0.7738152422804894
2024-09-16,1.651,1.535,1.50242,1.3803800000000002,1.6245369295953376,1.5143783510488042,0.70792,0.74397,0.76898,0.76181,0.7107863697237912,0.7427231154150978,0.94308,0.7910299999999999,0.7334400000000001,0.6185700000000002,0.9137505598715464,0.7716552356337064
2024-09-23,1.662,1.536,1.48794,1.36742,1.62196809720484,1.5056249398591381,0.71686,0.74478,0.75701,0.7511,0.7087678460062996,0.7355842026072678,0.9451399999999999,0.79122,0.7309300000000001,0.6163200000000001,0.9132002511985404,0.7700407372518704
2024-09-30,1.659,1.542,1.48258,1.3624,1.6111134199308574,1.5009550522471673,0.7144199999999999,0.74966,0.75258,0.74695,0.6999727237067428,0.7318714133043708,0.9445800000000001,0.79234,0.73,0.61545,0.9111406962241146,0.7690836389427965
2024-10-07,1.679,1.557,1.48103,1.36242,1.6186083967126335,1.510542342245054,0.73068,0.76185,0.7513,0.74697,0.706949153128962,0.7404530007826748,0.94832,0.7951499999999999,0.7297300000000001,0.6154499999999999,0.9116592435836715,0.7700893414623791
2024-10-14,1.707,1.583,1.49545,1.3837899999999999,1.640039649284741,1.5342870662055748,0.7534400000000001,0.78299,0.76322,0.76463,0.7239449420739439,0.759354451446914,0.95356,0.80001,0.7322299999999999,0.6191599999999998,0.9160947072107972,0.7749326147586607
2024-10-21,1.706,1.563,1.5053800000000002,1.39253,1.640199077760917,1.5302487940790264,0.75263,0.76673,0.77143,0.77185,0.7246685649796648,0.756616205607648,0.9533699999999999,0.7962699999999999,0.7339500000000002,0.62068,0.9155305127812522,0.7736325884713784
2024-10-28,1.712,1.565,1.50724,1.39286,1.6391512027081556,1.5256422691231695,0.75751,0.76836,0.7729600000000001,0.77212,0.7240907868387711,0.7529027666042016,0.95449,0.7966399999999999,0.7342799999999998,0.62074,0.9150604158693845,0.7727395025189678
2024-11-04,1.681,1.558,1.5045899999999999,1.3914600000000001,1.6292663410422445,1.5245801784327129,0.7323099999999999,0.76267,0.77077,0.77097,0.7161136209137073,0.7521193246110504,0.9486900000000001,0.7953300000000001,0.7338199999999999,0.6204900000000001,0.9131527201285372,0.7724608538216625
2024-11-11,1.69,1.58,1.50449,1.39927,1.6310766322029144,1.5349327680766018,0.73962,0.78055,0.77077,0.77097,0.7176095412043388,0.7598135424140334,0.9503799999999999,0.7994500000000001,0.7337200000000001,0.6283,0.9134670909985756,0.7751192256625684
2024-11-18,1.695,1.581,1.50482,1.40618,1.6356976606393119,1.5431175766684644,0.7436900000000001,0.78137,0.7709600000000001,0.78313,0.7211660758121005,0.7672531853415171,0.95131,0.79963,0.73386,0.62305,0.9145315848272114,0.7758643913269473
2024-11-25,1.715,1.601,1.51078,1.42023,1.6446161988952555,1.5602436952466257,0.75995,0.79763,0.77589,0.79474,0.7283745106151198,0.7813028668852949,0.9550500000000001,0.80337,0.73489,0.6254900000000001,0.9162416882801356,0.7789408283613307
2024-12-02,1.704,1.601,1.5147599999999999,1.43108,1.6417963373736486,1.5652998894195294,0.75101,0.79763,0.77918,0.80371,0.7258634638259435,0.7853092971342158,0.95299,0.80337,0.7355799999999999,0.6273699999999999,0.9159328735477051,0.7799905922853135
2024-12-09,1.699,1.591,1.5135399999999999,1.43154,1.6394117095928777,1.5597473288384403,0.74694,0.7895,0.7781699999999999,0.8040900000000001,0.723381203047551,0.7802737269936754,0.95206,0.8015,0.73537,0.62745,0.9160305065453267,0.7794736018447649
2024-12-16,1.713,1.596,1.51524,1.43237,1.6449388113218268,1.5623608729350114,0.7583200000000001,0.7935599999999999,0.7795700000000001,0.8047799999999999,0.7278704024181437,0.7824242681104076,0.95468,0.8024400000000002,0.7356699999999998,0.62759,0.9170684089036831,0.7799366048246038
2024-12-23,1.718,1.609,1.52094,1.43858,1.6510668429587922,1.5675037446587057,0.76239,0.80413,0.7842899999999999,0.80991,0.7331382274798566,0.7867994382750679,0.95561,0.80487,0.73665,0.62867,0.9179286154789357,0.7807043063836377
2024-12-30,1.719,1.611,1.5250599999999999,1.44269,1.6521288027120613,1.5693244573454332,0.7632000000000001,0.80576,0.78769,0.81331,0.734061914028993,0.7883579634755048,0.9558,0.80524,0.7373699999999999,0.62938,0.9180668886830683,0.7809664938699284
2025-01-06,1.746,1.633,1.5361600000000002,1.45458,1.671005017920467,1.5940333095024302,0.78515,0.82364,0.79686,0.82313,0.7436785124490601,0.7996886293886184,0.96085,0.80936,0.7393000000000002,0.63145,0.9273265054714068,0.7943446801138118
2025-01-13,1.75,1.64,1.55182,1.47156,1.6786335088486042,1.6074688293404031,0.7884,0.82933,0.8098099999999999,0.83717,0.7501958102469108,0.8109850445226866,0.9616,0.8106699999999999,0.7420100000000001,0.63439,0.9284376986016933,0.7964837848177165
2025-01-20,1.776,1.687,1.5718800000000002,1.499,1.7007525697060064,1.6391694856300807,0.8095399999999999,0.86754,0.82638,0.85984,0.7682300742464545,0.8369875513668482,0.9664600000000001,0.8194600000000001,0.7455000000000002,0.6391600000000001,0.9325224954595519,0.8021819342632325
2025-01-27,1.77,1.669,1.57924,1.5086600000000001,1.7019593836825668,1.6373415388899069,0.8046599999999999,0.85291,0.83247,0.86783,0.7686539001593444,0.8350099318705089,0.9653400000000001,0.8160900000000001,0.7467699999999999,0.6408300000000001,0.9333054835232224,0.802331607019398
2025-02-03,1.763,1.645,1.57301,1.50144,1.697430596843302,1.6255134463469063,0.7989700000000001,0.8334,0.82732,0.86186,0.7651088773095815,0.8253917746279674,0.9640299999999998,0.8116,0.74569,0.6395800000000001,0.9323217195337206,0.8001216717189389
2025-02-10,1.772,1.646,1.5716199999999998,1.4990999999999999,1.7045400529140964,1.6281550847535735,0.80629,0.83421,0.82617,0.85993,0.7699203574475839,0.8267292324905786,0.9657100000000001,0.8117899999999999,0.7454499999999998,0.6391699999999999,0.9346196954665125,0.8014258522629949
2025-02-17,1.773,1.659,1.57379,1.50065,1.706384757306826,1.6317093663035172,0.8071,0.84478,0.82796,0.86121,0.771135837681741,0.8294348870752316,0.9658999999999999,0.81422,0.74583,0.63944,0.935248919625085,0.8022744792282855
2025-02-24,1.762,1.664,1.57051,1.49861,1.702486071043054,1.6308872310516629,0.79816,0.84885,0.82525,0.85952,0.7676901211334051,0.8285262460318419,0.96384,0.8151499999999999,0.74526,0.63909,0.934795949909649,0.802360985019821
2025-03-03,1.74,1.641,1.55874,1.4903,1.6893846316335541,1.6184053573518957,0.78027,0.8301499999999999,0.81552,0.85265,0.7572059063577058,0.8185158662531751,0.95973,0.8108500000000001,0.74322,0.6376499999999999,0.9321787252758483,0.7998894910987207
2025-03-10,1.699,1.606,1.54077,1.4729700000000001,1.6608700714917672,1.5939744968230427,0.74694,0.80169,0.80067,0.83833,0.7335354219360836,0.7982781991862664,0.95206,0.8043100000000001,0.7401,0.6346400000000001,0.9273346495556837,0.7956962976367763
2025-03-17,1.69,1.584,1.51735,1.45079,1.6453273198338592,1.5718942626289003,0.73962,0.7837999999999999,0.78132,0.82,0.7208360525396023,0.7801297572986837,0.9503799999999999,0.8002000000000001,0.73603,0.6307900000000001,0.9244912672942569,0.7917645053302166
2025-03-24,1.708,1.581,1.50807,1.4401199999999998,1.6402837469436673,1.5627616941761544,0.75426,0.78137,0.77365,0.8111799999999999,0.7163849783956174,0.7723811988863992,0.9537399999999999,0.79963,0.7344200000000001,0.6289399999999999,0.9238987685480499,0.7903804952897552
2025-03-31,1.745,1.598,1.5113699999999999,1.43962,1.653155454628982,1.5641491778182877,0.78434,0.7951900000000001,0.77638,0.81077,0.7270251724963452,0.7735926465338491,0.9606600000000001,0.80281,0.7349899999999999,0.6288499999999999,0.9261302821326367,0.7905565312844386
2025-04-07,1.744,1.587,1.5171,1.4407,1.6478264137629877,1.553305692533321,0.78353,0.78624,0.78111,0.8116599999999999,0.7244231104978471,0.7661021082477883,0.96047,0.8007599999999999,0.7359899999999999,0.6290400000000002,0.9234033032651405,0.7872035842855327
2025-04-14,1.681,1.529,1.49642,1.41415,1.6224866741129844,1.5220743855329053,0.7323099999999999,0.73909,0.76402,0.78972,0.7034428828070441,0.7402053258597093,0.9486900000000001,0.7899099999999999,0.7324,0.62443,0.9190437913059403,0.781869059673196
2025-04-21,1.674,1.519,1.47926,1.3935,1.6145576817184932,1.5064012876210962,0.72662,0.73096,0.7498400000000001,0.77265,0.6967437477802549,0.7271082085878176,0.9473799999999999,0.7880399999999999,0.72942,0.62085,0.9178139339382383,0.7792930790332786
2025-04-28,1.687,1.532,1.47033,1.38371,1.6097821831163928,1.503452292733931,0.73718,0.74153,0.74246,0.7645599999999999,0.6926836579316654,0.724619178220727,0.9498200000000001,0.79047,0.7278699999999999,0.6191500000000001,0.9170985251847273,0.7788331145132041
2025-05-05,1.667,1.513,1.46482,1.3778,1.6023121122634818,1.4931369444660632,0.72092,0.7260800000000001,0.73791,0.7596799999999999,0.6862912741617826,0.7157488165495105,0.94608,0.7869199999999998,0.7269100000000001,0.61812,0.9160208381016992,0.7773881279165527
2025-05-12,1.666,1.503,1.45474,1.36645,1.5987771743152803,1.4845544072871601,0.72011,0.7179500000000001,0.72957,0.7503,0.6832773760432649,0.7085852884207281,0.9458899999999999,0.7850499999999998,0.7251699999999999,0.61615,0.9154997982720154,0.775969118866432
2025-05-19,1.691,1.531,1.45584,1.36491,1.6037996009292903,1.4889843248646537,0.7404400000000001,0.74072,0.73048,0.74902,0.6897143311323262,0.7104750558923619,0.95056,0.7902799999999999,0.72536,0.61589,0.9140852697969641,0.7785092689722918
2025-05-26,1.684,1.522,1.45866,1.36545,1.6023434268388888,1.4865751077288414,0.73475,0.7333999999999999,0.73281,0.7494700000000001,0.6882553305738998,0.7082167533099664,0.9492499999999999,0.7886000000000001,0.7258500000000001,0.61598,0.914088096264989,0.778358354418875
2025-06-02,1.676,1.514,1.45878,1.36199,1.5993587783940681,1.4812813520836199,0.72824,0.72689,0.73291,0.74661,0.6858718706414988,0.7040021122680983,0.9477599999999999,0.78711,0.72587,0.61538,0.9134869077525694,0.7772792398155216
2025-06-09,1.679,1.518,1.4576300000000002,1.35846,1.598598759031333,1.4813558697935942,0.73068,0.73015,0.73196,0.7436900000000001,0.6854200662118882,0.70418651659248,0.94832,0.78785,0.7256700000000001,0.6147699999999999,0.9131786928194449,0.7771693532011142
2025-06-16,1.693,1.535,1.4634200000000002,1.36444,1.615692591011363,1.4996669850513304,0.7420599999999999,0.74397,0.73675,0.74864,0.6994046001051337,0.71924325464716,0.9509400000000001,0.7910299999999999,0.7266700000000001,0.6158000000000001,0.9162879909062294,0.7804237304041705
2025-06-23,1.715,1.602,1.4881099999999998,1.4009,1.6392064379547464,1.554105237262505,0.75995,0.79844,0.75715,0.77877,0.7192819358710093,0.7646005723589844,0.9550500000000001,0.80356,0.7309599999999998,0.6221300000000001,0.9199245020837371,0.7895046649035207
2025-06-30,1.694,1.577,1.5010599999999998,1.42543,1.6328618023811183,1.555593083788291,0.74288,0.77811,0.76786,0.79904,0.7135530285906575,0.7653735127889745,0.95112,0.79889,0.7331999999999999,0.62639,0.9193087737904608,0.7902195709993165
2025-07-07,1.675,1.573,1.4920799999999999,1.41804,1.6213017069860085,1.543952897034712,0.7274299999999999,0.77486,0.7604299999999999,0.7929299999999999,0.7040410883948345,0.7559394157571044,0.9475700000000001,0.79814,0.7316499999999999,0.62511,0.917260618591174,0.7880134812776076
2025-07-14,1.69,1.604,1.49175,1.42443,1.6215070269051852,1.55925215547737,0.73962,0.8000700000000001,0.76016,0.7982100000000001,0.7044044461870662,0.768743461733956,0.9503799999999999,0.80393,0.73159,0.62622,0.917102580718119,0.7905086937434139
2025-07-21,1.689,1.599,1.49196,1.43234,1.6202065159572991,1.5622498540050664,0.73881,0.796,0.7603300000000001,0.80475,0.703129209700248,0.771022741750029,0.9501900000000001,0.8029999999999999,0.7316299999999999,0.62759,0.9170773062570512,0.7912271122550374
2025-07-28,1.681,1.593,1.489,1.43562,1.6143271374462764,1.5575811235481678,0.7323099999999999,0.79112,0.75789,0.8074600000000001,0.6983250695030945,0.7672464913343735,0.9486900000000001,0.8018799999999999,0.7311100000000001,0.6281599999999998,0.916002067943182,0.7903346322137943
2025-08-04,1.704,1.588,1.4861300000000002,1.43207,1.616817755398579,1.5514458105578426,0.75101,0.78706,0.75552,0.80453,0.7005952536614012,0.7623504078952639,0.95299,0.8009400000000001,0.7306100000000002,0.62754,0.9162225017371778,0.7890954026625787
2025-08-11,1.696,1.559,1.48368,1.42399,1.6117273805741184,1.5389069153268258,0.7445,0.76348,0.75349,0.7978500000000001,0.6948736262810472,0.7504280294674178,0.9514999999999999,0.7955199999999999,0.7301900000000001,0.62614,0.9168537542930711,0.788478885859408
2025-08-18,1.692,1.54,1.47955,1.4143299999999999,1.6058077533732689,1.523264570136219,0.74125,0.74803,0.7500800000000001,0.78987,0.6898960432206273,0.7374303725590741,0.95075,0.7919700000000001,0.7294699999999998,0.6244599999999999,0.9159117101526416,0.785834197577145
2025-08-25,1.697,1.545,1.47751,1.4078,1.6095031933232642,1.5220020703487793,0.7453099999999999,0.7521,0.74839,0.78447,0.693092277500666,0.736530276141819,0.9516900000000001,0.7928999999999999,0.7291200000000001,0.6233299999999999,0.9164109158225981,0.7854717942069603
2025-09-01,1.698,1.548,1.47773,1.40682,1.6073624223989695,1.5169374592498177,0.74613,0.75454,0.7485700000000001,0.78366,0.6909581782454217,0.7319958861399377,0.95187,0.79346,0.7291599999999999,0.6231599999999999,0.9164042441535478,0.78494157310988
2025-09-08,1.711,1.565,1.48003,1.40905,1.6157906028753577,1.5263497248910616,0.7567,0.76836,0.75048,0.7855,0.6977348950590878,0.73959789689841,0.9543,0.7966399999999999,0.7295499999999999,0.6235499999999999,0.9180557078162699,0.7867518279926515
2025-09-15,1.71,1.561,1.48269,1.4101199999999998,1.6217911202989599,1.534408016420285,0.75588,0.7651100000000001,0.75267,0.78639,0.7023957351296644,0.7461128407059416,0.95412,0.7958899999999999,0.7300200000000001,0.6237299999999998,0.9193953851692955,0.7882951757143433
2025-09-22,1.716,1.568,1.48433,1.4119300000000001,1.6228622566120032,1.5353569017289443,0.76076,0.7707999999999999,0.75403,0.78788,0.7035397429246883,0.7470840799268581,0.95524,0.7972000000000001,0.7303,0.6240500000000001,0.9193225136873149,0.7882728218020862
2025-09-29,1.707,1.572,1.48217,1.41132,1.6228401463473887,1.541502674110093,0.7534400000000001,0.7740499999999999,0.75224,0.78738,0.7036804289027471,0.7522756842301593,0.95356,0.7979500000000002,0.72993,0.6239399999999999,0.9191597174446416,0.7892269898799337
2025-10-06,1.701,1.553,1.48169,1.4127,1.6198596232380351,1.5380958341153042,0.7485668292682927,0.75860162601626,0.7518471900826446,0.7885206611570248,0.7010488175919282,0.7493322499045185,0.9524331707317074,0.7943983739837399,0.7298428099173554,0.6241793388429753,0.918810805646107,0.7887635842107856
2025-10-13,1.698,1.543,1.473902859,1.40474333,1.6160437579654487,1.5290310265850362,0.7461278048780488,0.7504715447154472,0.7454115363636364,0.7819449008264463,0.6981412793978041,0.7420233822036016,0.9518721951219512,0.7925284552845527,0.7284913226363636,0.6227984291735538,0.9179024785676446,0.7870076443814346
2025-10-20,1.697,1.527,1.466797737,1.3968506139999999,1.6084867799579126,1.510748003611282,0.7453147967479674,0.7374634146341463,0.7395395347107439,0.7754219950413224,0.6915491756101743,0.7265695316672725,0.9516852032520327,0.7895365853658536,0.7272582022892562,0.6214286189586775,0.9169376043477383,0.7841784719440095
2025-10-27,1.686,1.542,1.46482743,1.3946674149999998,1.6146729296640627,1.5276541251584435,0.7363717073170731,0.7496585365853659,0.7379111818181817,0.7736176983471073,0.6965092691993712,0.7404628835186843,0.9496282926829268,0.7923414634146342,0.7269162481818182,0.6210497166528925,0.9181636604646916,0.7871912416397592
2025-11-03,1.703,1.584,1.472103847,1.4085881409999998,1.6194329725456553,1.5483107638099374,0.7501928455284553,0.7838048780487804,0.7439247495867769,0.7851224305785124,0.7006055088950298,0.757666987312012,0.9528071544715447,0.8001951219512197,0.7281790974132232,0.6234657104214875,0.9188274636506255,0.7906437764979254
2025-11-10,1.706,1.604,1.47706,1.4252799999999999,1.624586991170489,1.5713918628624484,0.7526318699186991,0.8000650406504064,0.7480207438016527,0.7989173553719009,0.7045959097028158,0.7765463651171689,0.9533681300813008,0.8039349593495937,0.7290392561983473,0.626362644628099,0.9199910814676733,0.7948454977452795
2025-11-17,1.732,1.609,1.4852918269999997,1.4434979270000001,1.6391871996979837,1.5871490855565245,0.773770081300813,0.804130081300813,0.7548239066115701,0.81397349338843,0.7164111742407929,0.7893267250465604,0.9582299186991869,0.804869918699187,0.7304679203884297,0.6295244336115702,0.9227760254571907,0.797822360509964
2025-11-24,1.723,1.632,1.4892116079999997,1.456239765,1.6387850342457015,1.606822807370395,0.7664530081300813,0.822829268292683,0.7580633950413223,0.824503938016529,0.7162934044080376,0.8059328815067028,0.9565469918699188,0.8091707317073169,0.7311482129586775,0.6317358269834711,0.922491629837664,0.8008899258636921
2025-12-01,1.709,1.604,1.4844012879999997,1.45140768,1.6289672680359575,1.5887389299294952,0.7388108943089431,0.7756750406504066,0.754087923966942,0.820510479338843,0.7077573991210597,0.7903207369513796,0.970189105691057,0.8283249593495935,0.7303133640330577,0.630897200661157,0.9212098689148978,0.7984181929781156
2025-12-08,1.7,1.579,1.478969365,1.437297681,1.6195362882213837,1.56767984088952,0.7314938211382114,0.755349837398374,0.7495987314049587,0.808849323140496,0.7001001131609507,0.7730047507579394,0.9685061788617886,0.8236501626016259,0.7293706335950413,0.628448357859504,0.9194361750604331,0.7946750901315807
2025-12-15,1.679,1.552,1.470203805,1.421680954,1.6053345911018724,1.5477971903847512,0.7144206504065042,0.733398617886179,0.7423544669421487,0.7959429371900826,0.6883475332506298,0.7565167216056372,0.9645793495934959,0.818601382113821,0.7278493380578512,0.6257380168099174,0.9169870578512426,0.791280468779114
2025-12-22,1.651,1.525,1.4517617479999998,1.400017892,1.5868823553435782,1.52078790625476,0.6916564227642277,0.7114473983739837,0.7271130975206611,0.7780395801652892,0.6729453755780341,0.733898270584426,0.9593435772357723,0.8135526016260162,0.7246486504793387,0.6219783118347108,0.9139369797655441,0.786889635670334
2025-12-29,1.654,1.526,1.4402630359999997,1.387761424,1.5857555123171894,1.5217899390573277,0.6940954471544715,0.7122604065040651,0.717610029752066,0.7679102677685951,0.6721630674265883,0.7349192825464993,0.9599045528455284,0.8137395934959349,0.7226530062479337,0.619851156231405,0.9135924448906011,0.7868706565108284
2026-01-05,1.656,1.534,1.4379674,1.3853652509999999,1.6045514813278863,1.5448893612910384,0.68971,0.71221,0.7157128099173553,0.7659299595041321,0.6852989243566686,0.743433302624072,0.9662899999999999,0.82179,0.7222545900826447,0.6194352914958677,0.9192525569712177,0.8014560586669663
2026-01-12,1.659,1.537,1.436440388,1.383620128,1.6046590932164988,1.55289545189175,0.6921527058178781,0.7146529240239593,0.7144508154958678,0.7644877084958678,0.6842238357988154,0.7489102805388027,0.9668472941821219,0.8223470759760406,0.7219895725041323,0.6191324195041322,0.9204352574176834,0.8039851713529472
2026-01-19,1.663,1.556,1.440046993,1.387361418,1.6112966362951349,1.5621012389561701,0.6954047383382033,0.7301000784955041,0.7174314814958679,0.7675796844958678,0.689813608740917,0.7566336047600496,0.9675952616617968,0.825899921504496,0.7226155115041321,0.6197817335041322,0.9214830275542178,0.8054676341961206
2026-01-26,1.665,1.573,1.4464905979999998,1.395496539,1.6150223080067574,1.5719703164796373,0.6970307545983659,0.7439212167068862,0.7227567744958678,0.7743029244958678,0.692552480336119,0.7833846447567222,0.9679692454016341,0.8290787832931138,0.723733823504132,0.6211936145041322,0.9224698276706383,0.788585671722915
2026-02-02,1.665,1.585,1.452326084,1.403419758,1.6219213124993241,1.5826182685844838,0.6970307545983659,0.7536773142678618,0.7275794904958679,0.7808510394958678,0.6981496509585455,0.7891892309920858,0.9679692454016341,0.8313226857321382,0.7247465935041322,0.6225687185041323,0.9237716615407786,0.793429037592398
2026-02-09,1.674,1.586,1.458640374,1.412059681,1.623450155431859,1.5852240279470486,0.7043478277690977,0.7544903223979431,0.7327979124958678,0.7879914714958678,0.6993199792268714,0.7753811454676577,0.9696521722309023,0.831509677602057,0.7258424615041322,0.6240682095041321,0.9241301762049876,0.809842882479391
2026-02-16,1.684,1.582,1.464821862,1.4169685499999998,1.63195305277991,1.5895169405390215,0.7124779090699106,0.751238289877618,0.7379065794958678,0.7920483884958678,0.706241054840072,0.778847234330539,0.9715220909300893,0.8307617101223821,0.7269152825041322,0.624920161504132,0.9257119979398379,0.8106697062084824
2026-02-23,1.686,1.6,1.471213927,1.423172361,1.637231143049459,1.5944156553741011,0.7141039253300733,0.7658724362190812,0.7431892784958678,0.7971755044958678,0.712367221545206,0.7809718795178304,0.9718960746699267,0.8341275637809189,0.7280246485041322,0.6259968565041322,0.924863921504253,0.8134437758562707
2026-03-02,1.703,1.63,1.486554069,1.4411186629999997,1.6646510175526492,1.629222728844026,0.7279250635414553,0.7902626801215203,0.7558670814958679,0.8120071594958678,0.7339902740863345,0.8122896152637842,0.9750749364585448,0.8397373198784795,0.7306869875041322,0.6291115035041319,0.9306607434663147,0.8169331135802418
2026-03-09,1.776,1.817,1.600832773,1.645466265,1.7740847793832666,1.8614036216722387,0.7872746570373903,0.9778252004467236,0.8503122914958678,0.9808894744958678,0.8252935110928126,1.0057960570162574,0.9887253429626097,0.8391747995532763,0.7505204815041322,0.6645767905041322,0.948791268290454,0.8556075646559813
2026-03-16,1.849,1.915,1.708742645,1.836787014,1.83792605357412,1.949082448458519,0.8736142505333253,1.0719399971946912,0.939494004495868,1.1390057964958675,0.879321642307922,1.0797243517228956,0.9753857494666747,0.8430600028053088,0.7692486405041321,0.6977812175041325,0.958604411266198,0.8693580967356234
2026-03-23,1.922,2.046,1.7330373129999999,1.8833399299999998,1.8934912268782091,2.064331085408922,0.9470538440292601,1.2047040622353415,1.0298263024916163,1.2337109667123958,0.9616412629369597,1.207263973867245,0.9749461559707399,0.8412959377646583,0.7032110105083835,0.649628963287604,0.9318499639412494,0.8570671115416768
2026-03-30,1.917,2.072,1.5576367879999997,1.7770625709999999,1.8715085171582546,2.0756614311823745,0.9429888033788536,1.2258422736174552,1.0570334445454543,1.2855114285454545,0.9729839221100625,1.2467420627947823,0.9740111966211464,0.8461577263825448,0.5006033434545454,0.49155114245454534,0.8985245950481922,0.8289193683875922
2026-04-06,1.938,2.131,1.5536850549999999,1.813077605,1.8787340291513261,2.1122746554519787,0.9648219741105609,1.281009753292252,1.0534409585454545,1.3182523675454545,0.9972040646201952,1.298973161100222,0.973178025889439,0.8499902467077478,0.5002440964545454,0.49482523745454543,0.881529964531131,0.8133014943517567
2026-04-13,1.911,2.083,1.552351502,1.884745988,1.853723722919182,2.0997193271785095,0.9428707545983658,1.2419853630483497,1.0522286385454545,1.3834054435454546,0.9754511782077604,1.2916491661728575,0.9681292454016343,0.8410146369516505,0.5001228634545456,0.5013405444545453,0.8782725447114217,0.808070161005652
2026-04-20,1.899,1.98,1.5169576989999998,1.807678016,1.8274498892009936,2.007925502160752,0.9331146570373902,1.1432055256499758,1.0200524535454547,1.3133436505454545,0.9538150907407603,1.2133489564247595,0.9658853429626099,0.8367944743500242,0.49690524545454506,0.49433436545454557,0.8736347984602333,0.7945765457359923
2026-04-27,1.927,1.958,1.5038414150000001,1.7272772929999998,1.8415150717050397,1.9743438764056205,0.9558788846796668,1.1169393467881872,1.0081285595454543,1.2402520835454545,0.9658161393549781,1.1857424944444404,0.9711211153203333,0.8410606532118128,0.4957128554545458,0.4870252094545453,0.8756989323500616,0.7886013819611801
2026-05-04,1.99,2.028,1.528212325,1.734892399,1.86111371909381,1.9753445404404522,1.0132283968747886,1.189319915893878,1.0302839315454546,1.2471749075454546,0.9912413235705743,1.2114242117248262,0.9767716031252114,0.8386800841061219,0.4979283934545453,0.48771749145454546,0.8698723955232358,0.763920328715626
2026-05-11,1.979,1.968,1.54131246,1.717858823,1.8739319842203823,1.929959267934696,1.0021153074438944,1.125839428089,1.0421931455454547,1.2316898385454544,1.0016281961208586,1.1724650484468198,0.9768846925561057,0.8421605719109999,0.4991193144545454,0.4861689844545456,0.8723037880995237,0.7574942194878762
2026-05-18,2.009,1.954,1.5475897730000001,1.685241681,1.8818121719810783,1.901010138745325,1.0339555513463332,1.114187314267862,1.0478997945454547,1.2020378915454544,1.0086027360730943,1.1474563198255352,0.9750444486536667,0.839812685732138,0.49968997845454544,0.48320378945454556,0.873209435907984,0.7535538189197899
2026-05-25,2.023,1.958,1.568281241,1.685989433,1.9001135492713372,1.9005072365774855,1.0484876651674717,1.1204893467881871,1.0667102195454545,1.2027176665454544,1.0235416842495593,1.1342901225965287,0.9745123348325284,0.8375106532118128,0.5015710214545455,0.4832717664545456,0.876571865021778,0.7662171139809568
2026-06-01,1.937,1.872,1.547735228,1.6489070449999998,1.8475516694792822,1.8437106637911858,0.9603489659804798,1.0314306476011952,1.0480320255454547,1.1690064045454547,0.9787261197481013,1.085077864929407,0.9766510340195202,0.8405693523988049,0.49970320245454536,0.47990064045454517,0.8688255497311809,0.7586327988617787
2026-06-08,1.918,1.883,1.52032589,1.6153019909999997,1.8199081654058407,1.8285935652029732,0.944691811508935,1.0474037370320894,1.0231144455454546,1.1384563545454547,0.9555710720953069,1.0664285094814698,0.9733081884910649,0.8355962629679106,0.49721144445454546,0.47684563645454503,0.8643370933105338,0.7621650557215034
2026-06-15,1.919,1.857,1.499868239,1.592485093,1.8047050306751122,1.804387070626304,0.9448148196390164,1.0182255256499757,1.0045165805454543,1.1177137205454544,0.9426239946544693,1.0455026602408453,0.9741851803609837,0.8387744743500243,0.49535165845454565,0.4747713724545457,0.8620810360206429,0.7588844103854588
2026-06-22,1.882,1.779,1.460010561,1.5384773469999997,1.7614542158444773,1.7301508006548132,0.9046635188260082,0.9362608915036342,0.9682823285454545,1.0686157695454543,0.8997073576881162,0.9760524581903777,0.9773364811739917,0.8427391084963657,0.49172823245454556,0.4698615774545454,0.8617468581563611,0.7540983424644355
2026-06-29,1.876,1.767,1.437863854,1.5035030839999999,1.7565554887974277,1.715778780238302,0.8997854700455202,0.9265047939426586,0.9481489575454545,1.0368209845454543,0.8967722161570791,0.9660815030305434,0.9762145299544797,0.8404952060573413,0.48971489645454547,0.46668209945454553,0.8597832726403486,0.7496972772077586
2026-07-06,1.898,1.795,1.517559048,1.535028026,1.8143405557549013,1.7661741779897588,0.921591648907309,0.954749021584935,0.9432817319344563,1.0429040159344563,0.891143125684372,0.9615711703365399,0.9764083510926909,0.8402509784150649,0.5742773160655438,0.49212401006554374,0.9231974300705292,0.8046030076532189
2026-07-13,1.913,1.848,1.5416209779999999,1.5490430659999999,1.8510185998757414,1.822917736524642,0.9391667708585285,1.009848452479244,0.9513769234958678,1.0512008804958677,0.9207329035627132,1.0088908831201988,0.9738332291414715,0.8381515475207562,0.5902440545041321,0.4978421855041322,0.9302856963130282,0.8140268534044433
2026-07-20,1.972,1.96,1.58192,1.62243,1.9077126028915417,1.9264595504608613,0.9930442505333252,1.1186853630483498,0.98468,1.11185,0.9679590956910944,1.0930899313654066,0.9789557494666747,0.8413146369516502,0.59724,0.51058,0.9397535072004473,0.8333696190954547
2026-07-27,1.99,2.026,1.644506549,1.722267712,1.9404886469844185,2.0094714073145594,1.0162583968747887,1.1874638996337152,1.0364063214958679,1.1943617454958675,0.9953454691308659,1.1632033418809338,0.9737416031252113,0.8385361003662846,0.6081002275041321,0.5279059665041326,0.9451431778535526,0.8462680654336256
2026-08-03,1.982,2.049,1.6870427519999998,1.793914818,1.9525695273651602,2.0439216435120366,1.0071743318341382,1.2096730866255851,1.0501316364958677,1.2321456584958679,1.0033020051263883,1.2061539377330452,0.9748256681658618,0.8393269133744148,0.636911115504132,0.5617691595041321,0.9492675222387719,0.8377677057789914
2026-08-10,1.896,1.975,1.702872164,1.821570894,1.910685187264571,2.012673791462358,0.9202256326471464,1.129910484999569,1.0346423664958677,1.2264304914958675,0.965499118820232,1.1759260333956678,0.9757743673528535,0.8450895150004312,0.6682297975041323,0.5951404025041325,0.945186068444339,0.83674775806669
2026-08-17,1.954,2.026,1.705449251,1.8288145149999997,1.9236200449931842,2.0331381469525867,0.9816001041918617,1.1927338996337156,1.0367721904958678,1.2324169544958676,0.9936951318123761,1.2119336900611695,0.9723998958081382,0.8332661003662842,0.6686770605041323,0.5963975605041321,0.929924913180808,0.8212044568914172
2026-08-24,1.986,2.066,1.723704564,1.861001277,1.9418563648897593,2.0633660614777103,1.0119863643544633,1.2263442248369674,1.0518592264958677,1.2590175844958675,1.0090562737436743,1.2393886334419275,0.9740136356455367,0.8396557751630325,0.6718453375041322,0.6019836925041324,0.932800091146085,0.8239774280357828
2026-08-31,2.013,2.029,1.732493827,1.865409951,1.9499923900848277,2.0391469620832607,1.0315775838666585,1.1862829240239594,1.0591230794958677,1.2626611164958679,1.0160380731798393,1.2186848885984218,0.9814224161333414,0.8427170759760405,0.6733707475041324,0.6027488345041321,0.9339543169049884,0.8204620734848389
2026-09-07,2.093,2.104,1.815972969,1.795450398,2.0430281411269013,2.1084127823327123,1.1204782342731625,1.272118533780057,1.0781141064958677,1.3048433034958677,1.07044779118352,1.2722492698384509,0.9725217657268375,0.8318814662199432,0.7378588625041322,0.4906070945041323,0.9725803499433814,0.8361635124942615
2026-09-14,2.072,2.152,1.866892601,1.834025072,2.0633575051911106,2.1587361941679264,1.0938450635414554,1.3122329240239594,1.1201964464958678,1.3367232004958678,1.087833938941125,1.315310779959775,0.9781549364585447,0.8397670759760407,0.7466961545041322,0.4973018715041322,0.9755235662499857,0.8434254142081514
2026-09-21,2.107,2.21,1.9279810269999997,1.918064942,2.092159447861479,2.2264435149088713,1.130600348094301,1.3706273955686747,1.1706827494958678,1.4061776374958679,1.1116306728363436,1.3659427694757453,0.9763996519056992,0.8393726044313252,0.7572982775041319,0.5118873045041321,0.9805287750251355,0.8605007454331259
2026-09-28,2.099,2.186,1.939726004,1.9344266589999999,2.1037923651737516,2.237184154724178,1.1233062830536504,1.3425852004467236,1.1803893424958678,1.4196997184958677,1.121540596648389,1.3750624486602194,0.9756937169463498,0.8434147995532764,0.7593366615041321,0.5147269405041321,0.9822517685253627,0.8621217060639585
